drop database if exists delivery_club_test;
create database delivery_club_test;

use delivery_club_test;


SET foreign_key_checks = 0;

DROP TABLE IF EXISTS `address`;
CREATE TABLE `address` (
  `id` bigint(20) unsigned NOT NULL AUTO_INCREMENT,
  `address` varchar(255) COLLATE utf8_unicode_ci DEFAULT NULL,
  `created_at` datetime DEFAULT current_timestamp(),
  `updated_at` datetime DEFAULT current_timestamp() ON UPDATE current_timestamp(),
  PRIMARY KEY (`id`),
  UNIQUE KEY `address` (`address`),
  KEY `address_idx` (`address`)
) ENGINE=InnoDB AUTO_INCREMENT=101 DEFAULT CHARSET=utf8 COLLATE=utf8_unicode_ci;

INSERT INTO `address` VALUES ('1','984 Douglas Prairie\nPort Dusty, NV 95873-1410','2001-12-14 16:35:15','2000-05-07 16:19:54'),
('2','45957 Marquardt Expressway\nEast Destinton, TX 24880','1991-03-26 03:43:05','1971-06-17 05:29:36'),
('3','816 Haag Fields Apt. 188\nOttiliehaven, DE 34014-4943','1979-11-24 03:54:18','2000-01-22 16:46:45'),
('4','957 Wehner Creek\nLake Tomas, GA 55122','2006-03-18 17:25:02','1971-07-26 02:08:43'),
('5','316 Parker Green\nGustaveville, CT 21278','1975-03-19 05:04:03','1989-05-18 17:55:17'),
('6','5202 Murazik Mall Apt. 238\nLake Vicente, ND 43849-3686','2016-05-19 09:29:55','1977-05-12 15:56:01'),
('7','125 Kayli Point\nNorth Ansleytown, MO 97197-9833','1979-02-28 11:21:47','1986-04-07 04:43:13'),
('8','7897 Gwendolyn Islands Suite 014\nNorth Joel, MS 99954-2266','2019-10-20 02:59:38','1990-07-25 15:47:22'),
('9','0734 Laurianne Vista Apt. 164\nNew Claudia, CO 90322','1974-09-23 07:27:38','2016-08-06 23:28:01'),
('10','2413 Ross Ways Apt. 130\nDoyleland, NC 64435-9089','1997-02-09 20:34:11','2016-06-12 01:14:16'),
('11','3249 Murazik Plaza\nCierraport, IL 18342','1985-03-10 13:04:18','2001-06-12 01:12:00'),
('12','0045 Dallin Shores Apt. 129\nEast Angelita, ND 85246','1975-07-15 09:58:49','2014-10-08 05:56:04'),
('13','9775 Strosin View Apt. 606\nNorth Khalilstad, AK 63346','1999-04-07 06:32:08','1985-04-14 16:08:17'),
('14','818 Murray Vista\nReichertport, UT 06135-2318','2008-03-01 13:51:55','1977-10-02 19:22:13'),
('15','3189 Jules Views\nWest Lauryside, CO 29533','2016-04-07 23:56:05','2003-06-29 20:34:52'),
('16','01192 Elmira Squares Apt. 710\nWest Gaetano, NC 51323-3204','1971-05-17 09:14:46','1986-06-06 17:39:07'),
('17','501 Virgie Mountains\nPort Liliana, NV 34601','2018-05-28 05:37:50','1992-04-26 02:06:18'),
('18','31982 Lockman Lodge\nNorth Reginaldview, CA 65622','1981-02-24 10:12:07','1991-02-17 17:46:46'),
('19','999 Altenwerth Meadows Apt. 060\nNorth Victor, ND 49925','2020-01-15 03:49:05','1976-08-29 20:38:30'),
('20','80335 Lavon Keys\nAndersonhaven, UT 02644-3523','1991-04-11 13:43:00','1974-05-05 12:11:49'),
('21','815 Jeff Road Apt. 975\nNorth Eliseofort, NV 18331','1972-02-02 03:42:55','2006-04-14 18:07:58'),
('22','7824 Nitzsche Rest\nPollichside, NY 83188','1992-09-05 17:01:56','1989-10-06 09:20:37'),
('23','889 Fahey River Suite 838\nLorainehaven, HI 37826','1978-12-09 13:58:59','1975-10-01 22:29:53'),
('24','16162 Julianne Mountains\nKoeppfort, SC 01296-5128','1979-08-17 18:42:09','1976-02-16 14:38:55'),
('25','792 Effertz Ferry\nSchmidtberg, AL 43991-0806','2005-01-13 07:29:46','2002-09-12 18:30:54'),
('26','38016 Bartoletti Rapid Apt. 043\nNorth Rydertown, SC 31547-6613','1973-09-11 23:10:24','1986-05-28 05:35:28'),
('27','836 Ashly Underpass Suite 986\nLake Alexandrefurt, TX 68526-0658','1975-10-29 23:57:18','1995-03-14 07:47:19'),
('28','7243 Lockman Walks Apt. 625\nHintzstad, NE 01006-2219','2019-08-31 01:56:50','1990-02-06 08:10:54'),
('29','17992 Wilburn Port\nLockmanfort, KY 10626-0548','1972-11-10 08:20:41','2001-07-08 09:34:07'),
('30','0288 Lavinia Points Apt. 393\nPort Faustinochester, KY 29134','1986-01-01 22:54:46','2008-10-26 17:10:13'),
('31','01751 Keyon Stravenue Apt. 015\nSouth Willy, DC 05663','1983-06-05 05:41:31','2019-01-24 17:07:57'),
('32','760 Konopelski Light\nAbbigailton, CT 16311-2108','2017-06-04 14:37:29','1980-12-06 07:46:02'),
('33','715 Chloe Knoll\nEast Lizeth, WY 27338-0324','2012-01-25 03:27:02','2014-12-29 17:25:30'),
('34','12189 Edison Rue Suite 266\nJocelyntown, UT 04637-9402','2017-07-24 11:31:14','1999-10-28 04:40:09'),
('35','79370 Nicolas Prairie\nWest Olgaport, FL 37554-1763','1988-11-09 09:18:03','2010-08-02 00:23:08'),
('36','517 Block Harbor\nLake Laceymouth, FL 87464','2000-12-05 08:02:25','2008-11-06 14:52:18'),
('37','9534 Margaretta Hollow\nGleichnerberg, PA 32762-3662','1984-01-22 03:31:38','2017-01-06 02:48:09'),
('38','14067 Kuvalis Path\nRyanview, ME 91692-0856','1997-10-27 10:26:23','1990-01-16 09:15:13'),
('39','00755 Weissnat Bridge\nSouth Abdieltown, DC 72076-7571','2009-11-23 04:58:18','2019-06-29 16:14:23'),
('40','606 Candida Prairie\nSantaton, GA 49906','1991-09-21 18:26:37','1986-09-02 23:15:34'),
('41','456 Meta Shoals\nSouth Nannieport, NC 27184-5147','1980-02-03 19:02:14','1997-04-22 18:43:31'),
('42','6451 Austen Bypass\nGlovertown, NM 29590','1993-02-17 23:31:35','2015-10-13 15:26:07'),
('43','2440 Kuhn Lock\nLake Candice, KS 33570-7487','2012-06-15 02:25:32','2004-04-09 12:49:21'),
('44','024 Chloe Mews Suite 027\nWest Winfield, OR 12056','1993-01-08 21:21:51','1974-08-05 14:53:36'),
('45','354 Feil Ville Apt. 774\nZemlakland, ID 65855-7740','2010-02-21 04:20:33','1991-01-18 19:56:29'),
('46','156 Beatty Throughway Suite 488\nGeorgiannafort, SD 50702','2004-09-29 22:33:00','2007-02-10 05:42:54'),
('47','278 Dayana Meadows\nSouth Jerry, PA 05389','1974-03-27 13:51:46','2020-03-18 11:42:33'),
('48','635 Eino Way\nLake Pascalechester, IA 04645-5927','1984-12-09 00:13:44','1972-05-05 04:57:53'),
('49','835 Norbert Branch\nNorth Juwan, HI 77369-3187','1973-04-06 01:08:26','1998-12-22 13:25:21'),
('50','009 Corwin Land\nNorth Joany, VA 95354-0561','1993-03-23 00:52:06','2000-09-20 05:31:13'),
('51','47169 Una Light Suite 291\nGaylordshire, ND 70981-3506','1995-03-30 23:51:59','2004-11-27 18:30:33'),
('52','1052 Janae Summit Apt. 727\nOlgafurt, AR 70929-7110','1988-06-25 03:51:37','2011-04-03 14:53:52'),
('53','9524 Syble Street Apt. 457\nCitlalliborough, LA 62785-3657','2012-11-01 17:34:33','1990-08-21 13:35:23'),
('54','395 Schaefer Prairie\nEast Jaleelfort, UT 68897','1981-12-21 16:44:10','2019-03-27 23:41:44'),
('55','922 Koss Stream\nPort Raoulchester, HI 05472-0469','1986-08-19 02:22:10','1981-11-25 15:43:28'),
('56','7256 Hal Ford Apt. 554\nPort Camila, MS 43208-0999','1976-08-04 19:47:28','2018-08-24 21:59:43'),
('57','6644 Raynor Mountains\nGoldnerview, NE 47465-7466','1987-09-21 01:38:19','1993-12-08 13:35:30'),
('58','24920 Telly Mountain\nWest Briellemouth, TN 77481','1994-02-11 12:31:47','1984-10-14 08:54:50'),
('59','67445 Murray Inlet Suite 410\nClaudiahaven, TN 96141','1999-03-27 01:45:47','2016-02-11 12:18:15'),
('60','304 Briana Lodge\nJonfurt, AR 47288-3750','1983-02-11 00:52:14','1999-11-30 09:20:36'),
('61','98860 Noe Plaza\nBuckridgeview, MI 57021','1981-06-20 10:57:53','2018-06-27 07:27:59'),
('62','92551 Lemke Plains\nNorth Jeremiechester, MD 87045','2020-04-16 10:03:01','1987-03-04 14:07:49'),
('63','5903 Collins Cliffs\nLake Lavinastad, MO 91498-6918','1989-05-02 16:54:13','1999-04-27 01:43:35'),
('64','62861 Morissette Ville\nReillyville, KY 18002-2629','2003-08-04 13:06:06','1984-07-22 05:17:30'),
('65','929 Mavis Shore\nGoyettebury, WV 65383','2018-05-11 08:31:10','2010-09-12 15:24:28'),
('66','2417 Ankunding Expressway Suite 685\nHammesberg, MT 42258-2544','1992-02-12 04:55:50','2018-05-31 18:59:07'),
('67','018 Gerhold Grove\nLarkinfurt, UT 47781-7140','1994-11-01 22:19:17','1983-06-09 20:56:20'),
('68','7099 Lindgren Circles Apt. 119\nFrederiqueview, RI 50418','1995-01-19 16:22:26','1985-05-11 23:01:58'),
('69','332 Magdalena Spurs Apt. 660\nEast Carloton, MI 06609','1986-03-08 00:49:52','1979-03-12 15:48:54'),
('70','592 Larkin Forge Suite 174\nDietrichfort, OK 47305','1996-07-25 15:20:09','1989-12-05 16:44:34'),
('71','25526 Rath Tunnel Suite 111\nLake Kyleigh, MA 41033-4783','1982-10-08 17:54:34','2006-12-15 08:47:14'),
('72','1425 Hilll Courts Apt. 686\nPort Lenna, NJ 42596-5256','1975-08-27 17:16:32','1999-02-17 03:13:42'),
('73','9695 Kunde Grove Suite 758\nNorth Melissa, CA 29613','2016-05-16 06:52:21','2014-11-21 17:59:14'),
('74','7851 Barton Lodge\nEast Shanieview, CA 01393-0387','2016-05-15 02:56:22','2017-01-23 19:13:13'),
('75','4678 Cole Fords Suite 478\nTaliastad, NE 11442','2017-10-02 04:32:25','2015-02-03 13:17:02'),
('76','305 Walker Meadow\nShanelburgh, WY 05628-9475','1995-10-07 15:39:09','1985-03-16 20:30:09'),
('77','0096 O\'Keefe Stravenue\nLeannemouth, VA 48834-0112','2006-01-22 22:10:11','2013-08-28 22:20:24'),
('78','548 Eichmann Parkways\nDickinsonbury, VT 79240','1990-01-02 04:47:56','1975-08-07 08:22:57'),
('79','4882 Willa Mills Apt. 843\nSouth Lilyanport, PA 32127-1665','1991-01-24 07:15:02','1992-02-22 01:03:50'),
('80','06054 Adrien Ramp\nPurdytown, VT 70140','2000-03-13 06:15:29','2017-09-28 08:15:45'),
('81','8962 Cummerata Path Suite 061\nArmstronghaven, HI 27311','2002-02-18 15:52:49','2019-12-12 08:57:25'),
('82','424 Hoeger Ways Apt. 605\nNorth Micheal, AZ 17959','1984-08-03 18:21:47','1976-01-03 07:09:46'),
('83','5685 Schamberger Glens\nArdithview, NH 25738','2006-07-19 04:22:03','1992-06-13 22:04:51'),
('84','2992 Cronin Mall Suite 190\nNorth Monica, IN 79610','1976-11-09 07:04:27','2006-03-20 20:29:36'),
('85','522 Schinner Motorway Suite 979\nWest Jennings, NV 55101','1996-09-20 22:30:06','2014-06-10 20:22:31'),
('86','295 Yvonne Greens\nKaylahview, NE 28524-4145','2007-10-04 18:02:15','2015-04-07 12:08:34'),
('87','96400 Harber Isle Suite 688\nNew Earlineside, CT 32921-6019','2018-07-12 07:00:21','1998-03-22 03:45:04'),
('88','421 Chanel Courts Apt. 111\nNorth Leatha, AR 26514-3753','2015-03-03 13:52:24','1997-04-03 23:12:08'),
('89','31786 Bashirian Mountain\nWindlershire, DE 54830','2003-03-25 06:29:09','1978-09-02 23:58:15'),
('90','2407 Jacynthe Street Suite 177\nFarrellfurt, MO 99162-2820','1974-04-07 04:44:29','2010-10-07 05:15:23'),
('91','46397 Ernser Flats\nJohnathanchester, NM 39920','2017-07-12 06:49:10','1994-04-10 02:18:00'),
('92','1101 Reichert Shoals Apt. 778\nWest Aida, CA 67782-9518','1978-06-20 20:17:15','2015-10-30 09:52:17'),
('93','5156 Roob Brooks\nSouth Filibertostad, WI 45940','2013-04-08 23:56:16','1994-12-24 00:15:39'),
('94','14668 Hauck Ville Suite 692\nVonshire, TN 02550','2004-08-20 19:23:48','1978-09-15 01:30:01'),
('95','51843 Marquardt Radial Apt. 622\nNew Magaliberg, WV 24642-4119','1998-11-08 06:15:54','2003-10-15 13:08:12'),
('96','253 Lula Way Apt. 355\nAbdullahland, VT 04115','1976-05-06 18:29:11','1998-03-31 18:30:46'),
('97','336 Stehr Square\nSouth Adrian, DE 45235-5009','1993-12-03 23:10:18','2001-03-30 23:33:57'),
('98','760 Hodkiewicz Locks\nNorth Clydetown, ME 95834','1988-04-08 13:21:36','1980-05-24 04:01:46'),
('99','723 Ottilie Ridge\nNorth Dawnstad, MS 00554-4014','2007-10-19 08:28:52','2011-12-12 23:26:42'),
('100','022 Terrill Greens Apt. 333\nWest Lewisport, AR 85527-8251','1970-10-23 18:51:46','2003-11-01 20:45:53'); 


DROP TABLE IF EXISTS `menu_sections`;
CREATE TABLE `menu_sections` (
  `id` bigint(20) unsigned NOT NULL AUTO_INCREMENT,
  `name` varchar(255) COLLATE utf8_unicode_ci NOT NULL,
  `created_at` datetime DEFAULT current_timestamp(),
  PRIMARY KEY (`id`)
) ENGINE=InnoDB AUTO_INCREMENT=6 DEFAULT CHARSET=utf8 COLLATE=utf8_unicode_ci;

INSERT INTO `menu_sections` VALUES ('1',' десерты','2003-03-11 03:31:35'),
('2',' закуски','2017-08-17 18:32:33'),
('3',' основные блюда','1996-03-01 02:17:25'),
('4',' напитки','2010-07-06 21:05:05'),
('5','популярное','1977-12-20 11:36:00'); 


DROP TABLE IF EXISTS `ordered_products`;
CREATE TABLE `ordered_products` (
  `id` bigint(20) unsigned NOT NULL AUTO_INCREMENT,
  `order_id` bigint(20) unsigned NOT NULL,
  `restaurant_menu_id` bigint(20) unsigned DEFAULT NULL,
  `total` int(10) unsigned DEFAULT 1 COMMENT 'Количество заказанных товарных позиций',
  `created_at` datetime DEFAULT current_timestamp(),
  `updated_at` datetime DEFAULT current_timestamp() ON UPDATE current_timestamp(),
  PRIMARY KEY (`id`),
  KEY `order_id` (`order_id`),
  KEY `restaurant_menu_id` (`restaurant_menu_id`),
  CONSTRAINT `ordered_products_ibfk_1` FOREIGN KEY (`order_id`) REFERENCES `orders` (`id`),
  CONSTRAINT `ordered_products_ibfk_2` FOREIGN KEY (`restaurant_menu_id`) REFERENCES `restaurants_menu` (`id`)
) ENGINE=InnoDB AUTO_INCREMENT=201 DEFAULT CHARSET=utf8 COLLATE=utf8_unicode_ci;

INSERT INTO `ordered_products` VALUES ('1','28','187','7','1991-11-16 12:38:04','2011-08-17 21:09:17'),
('2','1','234','6','2017-07-28 19:00:00','1991-02-21 14:32:08'),
('3','19','150','5','2009-07-16 08:05:30','1985-12-12 04:42:04'),
('4','3','55','5','1991-12-02 12:26:17','2002-01-31 16:33:17'),
('5','25','71','7','1981-02-17 11:01:28','2005-12-12 20:33:58'),
('6','16','226','6','2018-08-05 14:28:39','1999-11-04 00:20:11'),
('7','18','66','6','1970-08-18 18:01:14','1974-09-18 14:21:29'),
('8','5','88','5','2015-05-05 09:34:20','2001-08-23 02:19:30'),
('9','26','270','3','1998-10-07 19:16:53','1982-11-04 06:18:04'),
('10','26','249','4','1999-08-17 22:41:50','1984-03-24 21:40:54'),
('11','1','43','6','2003-04-19 21:54:59','1975-03-17 17:19:43'),
('12','30','89','2','1988-08-16 00:44:48','2011-08-02 20:16:10'),
('13','6','148','5','1976-03-05 18:26:22','1986-03-03 01:19:48'),
('14','9','8','2','2014-03-14 12:14:05','1982-02-09 16:15:58'),
('15','20','167','2','2016-06-09 07:12:30','2009-08-30 15:30:19'),
('16','14','163','2','1994-08-06 20:22:18','1991-10-26 08:35:57'),
('17','6','143','2','1989-10-05 04:08:28','1984-09-04 15:59:55'),
('18','10','241','2','2012-10-17 18:44:44','1986-01-01 17:08:07'),
('19','30','121','3','1989-08-19 17:24:08','1987-04-24 02:19:32'),
('20','30','235','7','1973-10-28 23:35:45','1993-06-15 07:40:51'),
('21','20','154','3','1972-01-26 18:10:39','1986-11-25 05:07:21'),
('22','16','66','5','1994-09-21 10:22:43','2016-06-15 08:17:16'),
('23','22','209','6','1984-02-06 12:30:42','2004-08-10 09:14:53'),
('24','16','178','6','2006-06-13 06:45:56','1987-08-29 04:20:43'),
('25','18','105','5','2004-05-30 06:02:12','1996-12-04 23:52:45'),
('26','13','184','4','2009-12-06 10:54:27','1986-07-19 03:01:26'),
('27','15','118','3','1988-01-01 10:54:41','1995-11-29 19:33:04'),
('28','28','203','6','1985-03-28 09:55:48','1986-04-09 23:57:22'),
('29','27','54','5','1974-10-26 10:12:00','1998-09-26 20:11:48'),
('30','22','156','7','2005-05-24 18:48:38','2005-09-24 13:04:51'),
('31','22','50','3','2010-12-21 06:02:43','2001-11-20 15:26:17'),
('32','2','273','2','2000-10-04 14:20:08','1988-10-22 08:48:24'),
('33','20','115','4','1986-04-04 21:16:18','2000-04-07 13:09:01'),
('34','22','184','7','1990-01-16 20:40:24','2006-10-11 13:23:26'),
('35','24','208','6','2012-11-24 19:46:07','1984-10-06 13:16:33'),
('36','12','126','2','2002-01-21 04:34:07','1995-06-15 16:57:07'),
('37','7','278','3','1972-09-26 10:19:08','1984-02-20 11:38:46'),
('38','20','281','2','2017-10-14 11:21:02','1998-01-28 11:42:42'),
('39','19','44','3','2006-09-28 19:08:30','1989-12-14 20:06:16'),
('40','16','65','7','2019-08-25 20:59:19','1983-12-26 19:16:26'),
('41','15','283','2','2009-06-28 16:03:40','1972-07-16 01:09:54'),
('42','25','295','2','2004-06-16 17:51:17','1981-03-24 07:11:00'),
('43','11','220','6','1978-05-05 08:39:39','2012-06-17 14:19:20'),
('44','20','66','1','2004-08-24 15:40:20','1983-06-07 15:26:15'),
('45','28','108','5','1989-04-12 04:41:36','1996-11-12 07:24:03'),
('46','23','194','7','1985-07-04 22:05:59','1990-03-11 18:47:07'),
('47','16','239','6','1972-10-14 05:21:20','2004-08-29 05:22:35'),
('48','17','49','7','1984-07-20 18:30:08','1992-02-12 15:00:55'),
('49','6','80','6','2018-04-22 04:12:10','2004-03-13 18:45:44'),
('50','24','289','7','1970-05-12 12:20:48','1971-02-20 04:07:32'),
('51','29','50','3','1993-04-08 07:12:38','1987-07-19 22:56:27'),
('52','12','48','6','1977-10-31 04:50:31','2005-04-22 12:22:29'),
('53','3','5','4','1971-02-26 18:25:32','1994-01-11 02:30:06'),
('54','3','214','6','1988-11-30 10:49:51','1987-08-23 20:23:55'),
('55','5','186','4','2009-11-14 13:11:47','1989-07-06 07:35:06'),
('56','28','197','6','2007-12-20 22:05:57','1975-03-22 22:31:39'),
('57','17','226','1','1972-08-01 19:54:47','1981-02-02 14:17:16'),
('58','20','269','4','1994-08-22 15:08:19','1988-03-08 02:32:42'),
('59','15','88','2','1992-05-07 06:58:34','2012-12-19 20:33:04'),
('60','4','119','4','1980-12-17 14:45:11','2018-09-03 12:04:21'),
('61','20','256','6','1978-07-10 23:41:09','1982-09-14 13:22:13'),
('62','2','53','5','2015-02-27 10:45:14','1982-06-10 01:48:55'),
('63','20','178','2','1996-01-18 19:24:29','2015-12-29 08:36:29'),
('64','11','248','7','1973-08-07 06:48:27','2006-10-31 13:27:49'),
('65','26','34','7','1985-01-30 18:19:57','2010-06-30 22:28:06'),
('66','24','244','3','1993-07-21 13:02:16','1984-02-28 17:29:42'),
('67','9','50','2','2007-10-26 05:53:47','1983-05-07 22:20:32'),
('68','30','111','4','1984-08-28 04:57:44','1982-08-12 05:06:25'),
('69','6','20','1','2004-11-10 06:43:11','1997-07-08 03:28:41'),
('70','3','104','4','2005-11-25 16:28:43','1991-02-25 01:07:57'),
('71','21','3','1','2005-11-12 00:44:52','2004-03-29 07:57:18'),
('72','30','73','4','1979-08-14 09:18:31','2002-10-05 08:40:26'),
('73','23','191','3','2014-12-05 12:55:25','2015-10-18 09:03:28'),
('74','5','74','4','1979-05-22 14:39:27','1993-01-27 02:52:50'),
('75','28','77','1','2009-06-01 02:32:03','1988-01-26 14:35:10'),
('76','20','174','5','2001-05-22 08:30:01','2003-11-09 08:28:45'),
('77','4','204','4','1984-06-02 04:14:55','2002-08-13 01:09:57'),
('78','23','227','6','1990-09-02 07:35:05','1970-04-05 00:26:30'),
('79','9','28','6','1972-08-17 15:33:54','2018-04-14 19:49:46'),
('80','18','38','7','1976-05-18 17:21:55','1997-01-23 08:17:38'),
('81','7','111','2','1987-11-06 03:53:26','1995-04-23 11:43:52'),
('82','29','144','7','2011-10-09 09:37:22','2012-07-07 04:27:49'),
('83','17','273','3','1983-02-22 00:32:26','2002-01-01 17:53:04'),
('84','26','216','3','2019-12-07 01:11:57','2020-01-29 14:05:51'),
('85','30','279','5','1979-06-01 01:16:28','1980-10-31 17:58:57'),
('86','2','197','5','1980-09-12 08:48:26','2016-02-17 22:16:03'),
('87','29','19','1','2008-01-14 19:48:00','2006-02-15 15:22:48'),
('88','27','209','3','1993-10-01 05:14:16','1974-09-04 21:10:53'),
('89','21','12','3','2018-11-23 13:38:45','1972-08-12 08:06:58'),
('90','29','186','7','1996-11-08 00:58:28','2006-12-01 10:19:44'),
('91','9','174','4','1979-05-16 12:39:32','1986-01-07 04:09:52'),
('92','6','120','3','1983-12-29 11:41:58','1974-07-28 02:46:39'),
('93','8','286','6','2018-01-28 09:57:27','2004-03-30 16:19:36'),
('94','5','159','7','1995-01-09 12:32:33','2019-12-12 17:29:41'),
('95','2','222','2','1971-02-09 07:02:25','1996-09-21 09:53:58'),
('96','20','74','5','1988-03-16 20:36:32','2001-07-29 21:39:08'),
('97','4','178','4','1994-01-09 11:28:58','2009-03-21 22:59:23'),
('98','22','193','5','1999-09-24 16:58:14','2014-01-25 22:39:24'),
('99','16','171','2','1976-04-20 16:32:25','1992-02-17 03:30:48'),
('100','11','143','7','2015-09-04 23:32:47','1974-02-25 00:09:15'),
('101','15','127','5','2002-05-10 23:28:12','2001-12-06 17:32:24'),
('102','4','130','2','1997-07-09 03:01:38','2020-03-14 16:17:48'),
('103','15','10','7','2010-08-02 05:08:41','1988-02-11 19:32:07'),
('104','4','54','5','1984-11-14 02:09:23','2009-10-01 15:28:49'),
('105','3','20','6','1999-07-19 03:34:56','2003-07-14 03:45:02'),
('106','24','109','6','2007-11-23 12:46:26','1991-10-07 10:25:03'),
('107','20','299','3','1983-05-05 21:41:52','1991-03-19 06:14:25'),
('108','23','271','2','1976-03-03 05:48:21','2009-05-10 07:51:47'),
('109','29','275','3','1995-10-19 05:25:53','1970-11-22 01:40:38'),
('110','13','297','1','2017-09-04 19:03:24','2002-06-19 13:33:27'),
('111','20','26','7','1980-09-10 01:02:02','2017-02-14 14:38:19'),
('112','8','228','7','2008-01-28 00:50:43','1989-06-21 10:20:16'),
('113','21','288','5','1975-09-28 04:06:35','1978-10-13 06:57:28'),
('114','13','54','1','1999-12-02 19:13:18','1977-06-08 08:21:28'),
('115','16','229','1','1993-04-04 07:46:58','2006-02-08 18:56:43'),
('116','20','7','4','1989-02-19 20:09:24','1993-04-17 14:40:57'),
('117','6','236','2','1973-02-08 06:13:14','1989-03-23 16:01:06'),
('118','14','201','6','2017-01-03 17:48:31','1981-08-05 06:37:33'),
('119','25','174','6','1978-04-15 10:44:01','2018-06-14 09:04:00'),
('120','26','266','6','1982-01-20 18:22:15','1987-02-01 23:27:32'),
('121','20','193','6','1989-11-17 23:42:08','1995-04-08 06:48:50'),
('122','8','87','2','1977-10-25 20:10:35','2011-07-15 09:14:38'),
('123','20','2','1','1998-01-13 09:16:01','2005-03-02 11:48:00'),
('124','6','176','4','2015-03-17 20:33:06','1977-04-25 10:02:26'),
('125','28','187','5','1977-11-18 14:46:35','1983-11-20 11:38:59'),
('126','18','172','1','1979-06-10 16:01:37','2014-01-05 03:55:04'),
('127','22','243','2','1980-09-06 15:07:25','1981-12-17 23:08:15'),
('128','10','116','1','2018-07-07 01:02:55','1990-12-15 13:37:18'),
('129','23','219','3','2004-11-28 19:32:25','2003-08-21 09:04:31'),
('130','17','88','4','2015-03-21 02:12:25','2019-01-28 18:04:48'),
('131','15','65','5','2011-03-18 01:38:11','1994-11-19 02:58:16'),
('132','10','203','1','1998-07-11 01:26:30','2000-11-07 08:17:23'),
('133','1','230','1','2020-03-05 03:16:17','1987-07-07 22:20:35'),
('134','11','246','7','1997-02-13 18:10:58','2003-02-06 11:56:35'),
('135','11','57','3','2017-12-01 13:49:30','1988-03-16 18:58:15'),
('136','22','296','7','1970-10-10 18:55:05','2010-09-11 06:49:38'),
('137','25','285','7','1974-07-12 06:32:02','1973-06-25 21:01:53'),
('138','9','141','1','1995-05-05 23:53:09','2015-02-22 20:18:50'),
('139','29','140','6','1998-12-14 12:27:52','1992-10-25 07:51:36'),
('140','2','262','3','2006-04-09 14:48:27','2013-03-28 12:23:45'),
('141','3','188','7','2014-02-27 01:57:35','2009-10-06 05:52:10'),
('142','14','240','2','1973-04-24 01:41:08','2000-02-18 00:13:56'),
('143','14','232','7','1997-06-11 14:44:49','1977-08-21 04:56:45'),
('144','6','60','5','1992-07-03 03:01:58','2016-01-23 05:06:15'),
('145','15','224','7','1995-02-23 00:18:24','1970-02-18 11:53:27'),
('146','15','297','4','1974-09-01 21:07:48','1981-06-22 02:03:21'),
('147','29','242','3','2004-08-17 21:06:29','1980-03-24 07:37:28'),
('148','20','289','1','1992-02-05 21:11:53','1987-06-12 18:04:51'),
('149','18','2','5','2011-01-28 23:39:39','1983-06-27 17:41:18'),
('150','24','273','4','2002-11-21 06:27:41','1989-12-18 09:18:01'),
('151','6','145','7','1973-08-01 07:44:08','2005-07-19 06:49:23'),
('152','27','7','7','1984-10-07 17:24:29','2020-04-08 02:22:26'),
('153','13','51','7','1998-02-21 00:40:18','2020-02-18 21:47:00'),
('154','15','115','1','2008-07-05 21:25:00','2008-04-10 06:30:52'),
('155','20','163','7','1993-07-03 20:05:47','2004-07-25 06:37:13'),
('156','8','218','6','2019-10-21 04:20:47','2002-03-25 11:18:18'),
('157','6','210','2','1998-04-10 11:35:15','1971-09-27 03:35:34'),
('158','16','181','6','1996-05-01 22:49:36','1983-10-28 18:03:01'),
('159','15','212','4','1970-04-18 01:06:13','1977-06-25 23:50:15'),
('160','25','291','1','2008-06-09 06:16:51','1983-04-23 09:03:30'),
('161','14','89','7','1971-07-09 09:37:53','1997-08-21 20:56:42'),
('162','29','124','2','1995-04-30 21:37:27','1997-06-08 11:20:56'),
('163','3','187','6','1998-05-28 20:51:21','2013-11-08 10:34:30'),
('164','12','200','6','2018-08-20 18:54:41','2017-12-24 11:44:44'),
('165','19','47','5','2012-09-15 10:56:36','1996-03-17 16:21:47'),
('166','18','246','4','2007-04-25 10:42:53','1991-11-01 06:48:44'),
('167','20','142','6','2012-02-15 16:13:45','1972-09-13 19:18:54'),
('168','26','20','4','1971-12-09 02:39:40','1999-11-29 16:33:01'),
('169','20','100','5','1982-11-18 21:05:22','1994-08-09 18:39:57'),
('170','14','83','5','1979-06-05 04:03:25','1975-11-17 01:21:58'),
('171','27','211','4','2017-03-15 10:53:49','1987-11-23 01:33:15'),
('172','30','13','2','2000-03-14 15:12:50','1994-02-02 11:00:23'),
('173','12','156','3','1975-01-02 01:07:40','1971-09-23 10:25:24'),
('174','20','261','1','1992-01-15 02:13:46','1971-08-03 02:46:05'),
('175','7','135','4','2012-05-15 00:20:38','1991-05-21 13:34:05'),
('176','26','202','7','1971-11-26 13:36:41','2014-03-16 22:56:14'),
('177','23','238','2','2017-07-12 00:55:49','2018-08-22 02:40:35'),
('178','3','252','3','2017-06-24 10:30:15','2016-01-11 18:41:04'),
('179','13','138','5','1988-07-21 05:25:04','1975-05-25 18:05:47'),
('180','16','11','7','1972-09-23 13:19:13','2017-11-20 06:07:11'),
('181','19','25','5','2004-01-04 21:48:41','2006-11-23 08:58:12'),
('182','26','74','3','1993-04-23 18:47:35','2009-12-24 13:54:43'),
('183','17','209','6','1976-07-03 07:31:08','2015-09-11 22:30:10'),
('184','10','57','4','2006-09-13 10:17:37','2017-02-20 12:37:45'),
('185','1','228','6','1975-04-02 21:52:27','1995-06-12 08:16:14'),
('186','14','270','1','1997-11-16 20:42:22','1983-07-21 11:58:17'),
('187','14','139','6','1997-08-25 10:08:28','2004-07-25 22:55:20'),
('188','29','259','5','1993-06-08 11:02:09','1993-04-25 14:33:20'),
('189','30','176','2','2016-07-31 20:21:49','2004-11-01 19:15:21'),
('190','22','62','4','2005-03-11 00:50:48','1999-11-05 16:14:36'),
('191','1','169','1','1978-09-14 06:10:01','2019-07-07 22:09:54'),
('192','27','233','6','1990-09-01 21:47:16','2004-04-17 14:41:39'),
('193','11','289','7','1974-09-30 02:56:11','2012-04-01 16:29:57'),
('194','19','229','3','1984-07-04 14:08:37','2016-03-05 23:07:33'),
('195','13','36','7','1999-09-09 12:11:33','1996-03-25 01:09:21'),
('196','24','9','2','1985-05-04 21:10:38','1973-04-08 21:17:01'),
('197','6','197','4','1990-01-11 12:53:46','1984-11-23 00:01:11'),
('198','9','225','2','1979-07-18 04:14:44','2010-08-07 06:11:43'),
('199','11','176','6','1993-01-19 08:40:37','2012-10-03 13:25:31'),
('200','29','113','2','2011-04-07 06:19:44','1996-06-20 11:06:08'); 


DROP TABLE IF EXISTS `orders`;
CREATE TABLE `orders` (
  `id` bigint(20) unsigned NOT NULL AUTO_INCREMENT,
  `user_id` bigint(20) unsigned NOT NULL,
  `restaurant_point_id` bigint(20) unsigned NOT NULL,
  `created_at` datetime DEFAULT current_timestamp(),
  `updated_at` datetime DEFAULT current_timestamp() ON UPDATE current_timestamp(),
  PRIMARY KEY (`id`),
  KEY `user_id` (`user_id`),
  KEY `restaurant_point_id` (`restaurant_point_id`),
  CONSTRAINT `orders_ibfk_1` FOREIGN KEY (`user_id`) REFERENCES `users` (`id`),
  CONSTRAINT `orders_ibfk_2` FOREIGN KEY (`restaurant_point_id`) REFERENCES `restaurant_points` (`id`)
) ENGINE=InnoDB AUTO_INCREMENT=31 DEFAULT CHARSET=utf8 COLLATE=utf8_unicode_ci;

INSERT INTO `orders` VALUES ('1','126','16','1993-08-22 10:05:25','1979-07-21 13:30:41'),
('2','158','31','1988-05-17 15:22:46','2012-11-20 11:47:26'),
('3','165','34','2003-03-07 03:19:29','1975-09-24 21:20:50'),
('4','117','13','1975-02-19 06:16:53','1988-11-29 13:13:53'),
('5','111','25','2004-08-14 10:37:26','2016-11-28 14:09:09'),
('6','113','31','1985-05-25 16:43:57','2011-09-17 10:52:22'),
('7','171','50','2001-06-26 16:57:24','1986-05-19 02:16:16'),
('8','129','18','1987-03-09 17:17:50','1983-07-13 22:49:38'),
('9','110','10','2000-12-06 04:52:43','1979-07-14 03:50:37'),
('10','191','46','1984-09-27 02:54:37','2014-05-15 13:57:02'),
('11','118','24','1998-12-08 21:31:26','1988-06-18 17:32:40'),
('12','117','35','1996-11-06 20:56:42','1998-09-12 14:18:50'),
('13','138','30','2002-05-27 23:59:28','2000-09-14 18:44:06'),
('14','187','18','1990-02-08 02:39:50','1980-07-15 14:38:53'),
('15','169','2','2010-03-20 02:45:25','2005-01-29 07:01:42'),
('16','164','46','1987-11-08 16:28:23','2009-04-06 11:00:05'),
('17','136','6','1970-09-03 04:18:05','1987-10-19 12:40:07'),
('18','153','47','2011-10-20 12:45:22','2014-10-29 11:45:28'),
('19','183','35','1981-03-07 03:07:39','2016-05-22 10:47:57'),
('20','118','45','1975-08-24 20:05:05','1984-05-27 22:00:24'),
('21','117','17','2017-10-14 17:24:26','1988-04-07 14:35:25'),
('22','153','41','1984-09-05 17:13:42','1973-04-22 01:22:39'),
('23','131','41','1970-09-22 18:54:25','1983-06-09 20:08:16'),
('24','116','22','2014-09-26 11:56:56','2000-12-12 05:07:02'),
('25','200','1','1994-12-15 14:12:47','1997-03-28 06:26:36'),
('26','133','9','2014-09-06 18:01:26','2006-05-31 08:21:30'),
('27','152','26','2013-07-26 15:07:55','2000-01-16 01:48:25'),
('28','191','43','1997-08-01 00:07:04','1977-01-03 02:05:21'),
('29','109','34','2013-01-12 07:48:57','1971-12-29 01:50:04'),
('30','119','37','2008-04-22 23:41:51','1997-01-29 12:36:31'); 


DROP TABLE IF EXISTS `photos`;
CREATE TABLE `photos` (
  `id` bigint(20) unsigned NOT NULL AUTO_INCREMENT,
  `restaurant_id` bigint(20) unsigned NOT NULL,
  `created_at` datetime DEFAULT current_timestamp(),
  PRIMARY KEY (`id`),
  KEY `restaurant_id` (`restaurant_id`),
  CONSTRAINT `photos_ibfk_1` FOREIGN KEY (`restaurant_id`) REFERENCES `restaurants` (`id`)
) ENGINE=InnoDB AUTO_INCREMENT=101 DEFAULT CHARSET=utf8 COLLATE=utf8_unicode_ci;

INSERT INTO `photos` VALUES ('1','18','1986-06-24 13:49:34'),
('2','3','2002-12-21 22:45:38'),
('3','17','2000-04-29 07:40:27'),
('4','4','1988-04-20 08:19:52'),
('5','8','2009-06-11 12:34:20'),
('6','12','1981-10-20 11:56:34'),
('7','20','2003-07-23 09:58:07'),
('8','1','1991-07-22 05:13:14'),
('9','18','2001-07-25 12:34:48'),
('10','18','1981-06-28 10:41:14'),
('11','5','1981-11-15 03:23:24'),
('12','19','1985-09-12 18:08:20'),
('13','9','2017-10-23 00:55:52'),
('14','1','2004-03-18 04:21:34'),
('15','9','1974-12-19 05:50:04'),
('16','5','2007-01-12 02:15:55'),
('17','9','1992-05-11 09:42:19'),
('18','20','2016-01-26 05:32:08'),
('19','2','1978-10-28 06:00:52'),
('20','18','2001-06-24 13:43:22'),
('21','14','1992-08-05 09:06:06'),
('22','17','1986-08-05 20:15:54'),
('23','1','2010-08-15 21:11:48'),
('24','9','1982-08-08 12:14:59'),
('25','13','2014-09-25 21:48:41'),
('26','8','2002-01-06 04:54:51'),
('27','10','1994-12-25 11:52:16'),
('28','15','2015-04-26 21:34:57'),
('29','19','1980-05-01 00:23:23'),
('30','2','1990-08-10 20:08:10'),
('31','17','2006-01-04 07:38:59'),
('32','17','2018-08-21 14:57:19'),
('33','5','1986-03-22 06:09:26'),
('34','13','1993-05-24 21:06:03'),
('35','1','1988-09-16 07:35:32'),
('36','12','2014-06-02 09:49:40'),
('37','5','1983-09-12 23:05:49'),
('38','20','2009-11-08 12:29:11'),
('39','12','1994-08-01 06:19:54'),
('40','2','1984-11-26 17:11:08'),
('41','17','1978-11-28 05:10:42'),
('42','17','2020-06-17 16:10:03'),
('43','20','2016-10-25 21:35:21'),
('44','5','2012-01-05 08:23:55'),
('45','18','1984-06-16 23:16:08'),
('46','9','2001-08-17 16:35:33'),
('47','9','1978-10-08 19:43:18'),
('48','6','2004-10-03 07:59:25'),
('49','8','1991-12-10 08:42:37'),
('50','11','1977-08-27 23:33:29'),
('51','3','2007-11-29 10:04:36'),
('52','1','2014-04-25 14:25:35'),
('53','8','2017-03-23 03:27:32'),
('54','3','2001-04-15 10:57:41'),
('55','9','1989-06-21 04:39:49'),
('56','20','2014-12-09 16:46:32'),
('57','11','2011-02-23 01:34:53'),
('58','19','1998-07-01 07:19:39'),
('59','15','1976-10-03 09:30:46'),
('60','9','1981-06-24 09:22:46'),
('61','20','1970-07-07 22:55:54'),
('62','11','1984-12-28 16:40:25'),
('63','5','2009-08-29 22:25:50'),
('64','4','2000-10-28 09:04:39'),
('65','4','1996-07-29 03:33:25'),
('66','5','2008-10-28 23:18:21'),
('67','16','1978-11-12 18:18:40'),
('68','9','1978-07-09 04:27:44'),
('69','4','1991-04-01 08:42:32'),
('70','8','1983-09-01 18:22:31'),
('71','10','1976-02-24 08:35:53'),
('72','1','2001-01-18 09:05:18'),
('73','5','1972-08-21 06:53:52'),
('74','10','2006-09-14 20:39:41'),
('75','6','1989-06-28 01:59:35'),
('76','2','2014-04-11 23:52:58'),
('77','18','1998-03-14 06:42:24'),
('78','15','2013-09-12 09:34:17'),
('79','7','1978-06-10 14:49:36'),
('80','5','1973-11-25 17:26:51'),
('81','6','1985-01-26 05:16:56'),
('82','10','1995-12-16 08:34:12'),
('83','6','1982-04-08 06:42:14'),
('84','13','1998-02-03 23:59:42'),
('85','13','1975-11-15 04:19:12'),
('86','15','2008-08-16 21:07:39'),
('87','13','1977-07-18 05:14:21'),
('88','3','1991-01-11 18:53:21'),
('89','13','1981-03-11 06:40:49'),
('90','7','1977-02-28 16:47:51'),
('91','12','1999-02-22 12:51:15'),
('92','13','1988-06-20 20:29:21'),
('93','18','2006-11-24 20:45:43'),
('94','17','1987-02-06 15:12:16'),
('95','16','2017-04-18 07:29:29'),
('96','1','1990-07-01 05:21:52'),
('97','2','1999-09-11 20:57:29'),
('98','12','1998-02-24 13:47:04'),
('99','10','2004-03-21 06:10:18'),
('100','6','1993-11-17 20:47:54'); 


DROP TABLE IF EXISTS `promocodes`;
CREATE TABLE `promocodes` (
  `id` bigint(20) unsigned NOT NULL AUTO_INCREMENT,
  `code` varchar(50) COLLATE utf8_unicode_ci NOT NULL,
  `description` mediumtext COLLATE utf8_unicode_ci DEFAULT NULL,
  `max_uses` bigint(20) unsigned DEFAULT NULL COMMENT 'Максимальное кол-во использований',
  `max_uses_user` tinyint(3) unsigned DEFAULT NULL COMMENT 'Максимальное кол-во использований на одного пользователя',
  `discount_amount` float unsigned NOT NULL,
  `started_at` datetime DEFAULT NULL,
  `finished_at` datetime DEFAULT NULL,
  `created_at` datetime DEFAULT current_timestamp(),
  `updated_at` datetime DEFAULT current_timestamp() ON UPDATE current_timestamp(),
  PRIMARY KEY (`id`)
) ENGINE=InnoDB AUTO_INCREMENT=101 DEFAULT CHARSET=utf8 COLLATE=utf8_unicode_ci;

INSERT INTO `promocodes` VALUES ('1','jqrn','Et harum corrupti voluptates dolores ea. Totam aut excepturi officiis omnis sequi consequatur ut. Veritatis ex rerum fuga ut qui occaecati. Nobis saepe dolore optio quod voluptas. Ducimus minima doloremque et repellat ex saepe maiores eos.','3421348','6','0.46','1983-12-19 18:27:44','2007-10-31 16:40:41','1984-10-10 08:19:09','1988-10-29 15:38:06'),
('2','coua','Sapiente necessitatibus omnis consequatur dolorem. Vel velit veniam fugiat ea. Aliquid eum vel et distinctio adipisci ut. Modi tempore debitis earum beatae voluptas aut.','405','8','0.45','2000-07-04 20:31:40','1987-06-16 13:05:18','1988-03-26 10:32:37','1991-03-01 07:24:46'),
('3','ucog','Rerum numquam autem dolor eveniet nemo. Sequi qui veritatis et quasi rerum. Qui esse voluptatem laboriosam.','7358','8','0.38','1981-11-18 12:19:55','2000-10-14 11:47:13','2009-09-08 07:38:05','2011-11-23 18:40:51'),
('4','admz','Voluptatem autem suscipit commodi fugiat aliquam. Eos dolorum vel unde tenetur cumque aspernatur earum. Reprehenderit assumenda officiis omnis consequatur alias. Consequatur sapiente sed suscipit rem inventore quia in recusandae.','33735734','4','0.37','1994-03-25 01:36:02','1995-11-02 14:15:24','1987-04-15 00:37:45','1990-05-19 09:39:19'),
('5','lskl','Necessitatibus iure aut reiciendis asperiores modi minus. Sunt ut quia quis ratione veniam. Sint saepe voluptatibus id totam voluptatem.','8094017','3','0.78','1999-08-16 21:34:23','1975-04-20 00:28:56','1989-12-07 22:16:24','1992-03-21 06:26:42'),
('6','yvxw','Rem dolores eveniet corrupti voluptates veritatis. Praesentium id fugit at quia facilis neque cupiditate nihil. Quibusdam placeat dignissimos libero distinctio.','9778528','4','0.91','2008-04-12 05:23:10','2002-06-14 20:19:17','2015-11-14 18:36:43','1983-04-15 17:26:05'),
('7','byrl','Dolorem molestiae aut aperiam assumenda. Dolor blanditiis iure nulla eligendi incidunt in ullam. Sed aliquid minima qui quia ipsam consequatur quo. At qui laborum unde in veniam optio.','97735','8','0.35','1982-01-01 09:45:30','1977-03-03 00:48:34','1983-04-15 19:54:50','1976-06-14 02:47:03'),
('8','pceu','Ut rerum quam ut ad harum. Quia libero dolores illum qui non minima odio. Consequuntur voluptatum nesciunt asperiores officia voluptas dolores alias. Architecto et aut similique temporibus molestiae voluptatum aut.','85','5','0.39','1996-08-29 17:21:29','2000-02-20 02:41:48','1994-12-14 11:21:51','1980-03-29 08:24:13'),
('9','ycjf','Sunt perspiciatis aspernatur nobis aspernatur veniam. Sed sit reiciendis est ipsa. Blanditiis officia odit adipisci nemo cum.','61','2','0.31','2005-06-15 04:14:01','2011-04-10 04:43:41','1973-11-28 23:46:26','1982-12-08 23:49:45'),
('10','pzsp','Accusamus aut sed ut. Asperiores corrupti ut laboriosam eum esse ullam. Rerum non expedita voluptatem libero. Maiores velit qui est earum. Voluptate totam inventore perferendis reiciendis nulla esse ratione.','692','4','0.2','1996-11-10 05:31:12','1992-07-16 23:38:38','1990-01-02 23:27:37','1971-07-22 17:30:19'),
('11','rmpw','Fugit quibusdam quod molestias deleniti quidem aliquam. Rerum et id autem facere.','4311153','4','0.34','1974-08-20 22:15:56','2000-02-29 01:23:28','2019-04-16 09:43:53','2000-03-28 02:14:58'),
('12','dskl','Mollitia rerum quia et delectus voluptatibus. Dolorem magni non similique reprehenderit. Aliquid ut cupiditate odit consequatur eum et odio provident. Placeat debitis tenetur maiores eum assumenda quia.','20','3','0.29','1981-04-30 11:47:38','2015-06-28 15:31:57','2000-07-31 04:58:50','1983-03-01 03:08:55'),
('13','oeiv','Consequuntur itaque amet vitae minima doloremque veniam qui. Sapiente animi quod reprehenderit alias amet. Rem sed rem id non facilis explicabo.','86','4','0.77','1973-05-28 13:43:31','2006-08-23 07:38:05','1973-08-22 14:52:18','1970-08-04 22:03:33'),
('14','uxgm','Unde vel nostrum quos fugiat voluptas. Et ea cumque velit et iste dicta sit cumque. Eligendi voluptas officiis aut provident et ut illo nam. Ea ab velit culpa autem et maiores.','317608402','2','0.94','1975-06-19 13:03:13','1988-04-29 02:11:55','2001-05-20 18:03:05','1995-08-04 10:09:42'),
('15','skfs','Voluptatem inventore unde nulla odio. Reprehenderit vel molestiae excepturi quia laudantium. Cum veniam voluptas cumque rerum quos et. Possimus nam nihil fugit molestias est molestiae.','166404511','4','0.53','2009-01-18 19:09:33','1993-03-12 02:13:29','1979-07-17 03:46:20','1976-01-10 10:15:07'),
('16','glgr','At eligendi sunt dolor ea. Eaque esse quia excepturi reiciendis. Consequuntur sunt adipisci aperiam numquam mollitia. Odit doloremque impedit odio.','608','6','0.93','1975-05-15 08:17:41','1977-06-15 22:39:09','2011-08-26 18:09:41','1986-05-19 23:42:16'),
('17','kxqo','Consectetur eum non tempore fugiat qui possimus. Eum nesciunt velit sit fugiat. Ad at et animi quis quod sint. Nemo sit non iusto maxime dicta dolores blanditiis.','16','8','0.68','2008-12-27 21:10:47','1979-05-09 16:56:11','2017-03-31 05:10:45','1979-07-06 23:45:19'),
('18','nafl','Cupiditate consequatur est recusandae ducimus eum quos. Ut autem dolorem rerum sint eveniet. Blanditiis dicta nostrum laborum et.','1','8','0.86','2012-01-13 16:39:52','1991-10-24 01:12:15','1997-08-31 21:05:43','2015-09-30 17:09:45'),
('19','cpdn','Molestias vero autem quas ex et. Voluptatibus aut temporibus ut expedita occaecati. Sit dolores illo vitae iure cum odit aperiam praesentium. Possimus ut officiis quo. Aut occaecati quas voluptatum enim.','3103041','6','0.38','2014-01-27 08:55:26','2005-08-09 01:44:05','1986-12-12 19:40:54','1988-07-12 20:02:16'),
('20','vuwk','Pariatur nihil officia animi rerum et exercitationem. Eum quia est in. Cumque culpa recusandae repellendus qui possimus et. Praesentium et quibusdam quis quibusdam commodi porro.','89885','7','0.2','2006-01-05 07:18:53','2012-12-09 10:28:21','1991-04-28 10:43:07','1997-08-24 00:10:05'),
('21','wavj','Delectus ut non odit et est modi nihil. Blanditiis velit ab ab. Explicabo quidem optio tempora qui similique et perspiciatis.','674494070','2','0.34','2012-10-26 20:12:15','1983-12-06 21:10:26','2009-09-22 04:27:27','1994-02-01 13:59:53'),
('22','hmiz','Cupiditate sequi dolorem maxime accusamus qui sunt. Soluta commodi quibusdam porro nesciunt maxime deserunt. Aut optio quibusdam voluptate earum.','10082178','2','0.06','2016-11-24 00:39:18','1972-12-27 05:32:05','1972-04-19 14:19:46','2000-04-20 05:56:21'),
('23','bhao','Est ea quasi eum pariatur. Ut itaque dicta illum aut. Esse aut ut laboriosam rerum. Est non dolorem et voluptatem.','334761933','6','0.29','1983-10-19 09:41:12','1986-04-23 19:32:02','2014-09-02 10:42:01','1975-04-16 12:14:15'),
('24','dnbq','Velit quidem consequuntur porro. Voluptatem et aut cum. Reprehenderit occaecati dolor et odit.','0','4','0.88','2017-05-24 15:53:42','1998-03-01 02:33:10','2013-05-20 11:55:16','1977-10-03 14:07:25'),
('25','jwgd','Voluptas quisquam et sequi minima. Reprehenderit officia minus cumque est. Numquam perferendis ipsum nulla ea non.','143385','6','0.06','1971-03-02 18:58:28','1996-11-21 06:30:47','2009-04-10 03:54:43','1981-09-03 23:11:46'),
('26','ootf','Et deserunt modi eos incidunt. Voluptatum est nihil nulla magnam quam et optio. Laborum consequatur voluptatibus commodi animi quo. Odit ullam fuga neque omnis quas illum.','1','4','0.21','1976-02-18 20:51:08','2013-09-02 02:15:38','1972-04-22 22:06:53','2018-08-23 08:17:58'),
('27','oapi','A illo sunt ipsam nisi vero. Deserunt minima ratione nisi voluptate est et voluptatem quo. Consequuntur et reiciendis quisquam voluptatem error consequatur.','262759713','8','0.67','2017-01-14 08:48:17','1985-11-19 02:51:49','2001-02-19 10:10:39','1970-12-03 06:56:16'),
('28','heti','Ullam cupiditate natus voluptatum nostrum reiciendis facilis quo eos. Error est suscipit veritatis aliquid ipsa. Delectus magni inventore iusto qui autem. Voluptatum neque aut quasi qui nulla adipisci voluptatem alias.','710','4','0.97','1985-11-18 06:55:10','1992-06-03 05:05:44','2020-03-12 19:23:58','2016-03-09 21:06:53'),
('29','liud','Enim rem sequi rerum non. Eveniet blanditiis qui provident in quod architecto mollitia. Officiis perspiciatis earum debitis et non corrupti quae.','0','2','0.79','1979-07-16 07:58:48','1996-06-18 05:26:08','1977-02-08 18:19:30','1982-11-26 11:06:52'),
('30','rklh','Id fuga omnis quaerat quis. Veritatis quaerat odit animi dignissimos maiores. Consectetur dolore sed voluptatem. Eveniet ipsa nemo accusamus.','82','8','0.71','2003-08-03 20:58:41','1976-11-30 19:32:58','1974-10-13 14:20:46','1977-01-09 08:16:14'),
('31','iyan','Beatae dolores excepturi sit repellat quae et distinctio. Est impedit tenetur voluptatum. Et voluptatibus est ratione error rerum placeat. Qui dolorem rerum natus animi consequatur error voluptatibus.','82521145','7','0.6','1987-11-13 06:35:21','1997-09-11 20:19:48','1989-05-04 21:39:30','2014-08-23 17:29:10'),
('32','qalw','Ut ut similique molestiae ea non. Voluptatem dolores minus voluptatum velit autem provident quidem. Vel animi eum eligendi natus asperiores.','326','3','0.83','1981-12-19 18:36:39','1977-06-21 02:37:56','1997-08-22 09:26:24','1973-04-11 05:37:48'),
('33','zhwy','Voluptatem et blanditiis qui laboriosam et. Qui molestias amet est nulla aut consequatur. Blanditiis accusantium consequuntur nisi beatae minus exercitationem. Sint odit voluptatem alias qui dolore qui.','347','8','0.03','1976-10-27 00:19:09','2015-04-12 10:28:35','1986-12-02 07:59:10','2012-10-14 05:40:41'),
('34','odcm','Eum sed earum nihil quos consequuntur. Aut provident quis maiores et et nulla voluptatem. Asperiores aliquid sed molestias rerum nisi. Natus aut dolores magnam.','70557','4','0.73','1980-08-13 13:04:17','1988-01-10 15:35:14','2005-09-12 06:14:54','1972-12-03 05:43:35'),
('35','mhzo','Et nesciunt ut qui. Incidunt et et earum illo eaque. Quas aut sit harum reiciendis consequatur. Doloremque nemo sed doloribus soluta minus.','54','4','0.97','1988-12-26 07:09:03','2004-08-07 06:16:35','2003-10-19 23:46:06','2017-11-12 08:50:56'),
('36','vsmy','Laudantium qui distinctio delectus. Nostrum tenetur ipsam explicabo et ut doloribus. Adipisci nobis nulla aliquam quo tempora. Ut sit enim ea.','0','2','0.98','2010-11-11 19:20:05','2006-08-12 02:48:22','2018-01-05 09:37:53','1999-11-09 21:49:18'),
('37','omxa','Totam saepe aut quae commodi non. Voluptatem consequatur perferendis excepturi similique culpa vero.','70111','2','0.24','2006-04-17 16:19:57','1974-11-12 12:10:34','2009-11-06 03:34:31','2012-01-10 16:27:47'),
('38','cnen','Ad et et eos nisi est inventore non quo. Deleniti et sed iure eligendi. Rerum occaecati eveniet praesentium eos impedit ad iste distinctio. Harum velit quia ad aperiam.','18840','3','0.74','2010-08-16 07:02:16','2003-08-07 01:20:46','2000-02-02 00:36:05','1976-12-13 17:26:29'),
('39','okny','Et rem qui eligendi voluptatem. Reiciendis omnis quia aut qui quae. Officia cupiditate rerum delectus molestias et ratione. Alias maiores nam eum rerum.','494927156','8','0.01','1982-11-09 02:14:39','1974-06-05 22:50:30','1993-11-18 18:05:10','1993-01-09 08:16:50'),
('40','ylon','Qui asperiores provident magni dolores maxime atque dolor. Deleniti qui consequatur ut ea in. Eius error perferendis debitis in praesentium esse. Quo perspiciatis facilis ut suscipit rerum est ullam.','6004732','7','0.52','2018-09-19 18:22:46','2017-07-28 17:59:04','1986-08-22 20:02:50','2004-03-23 13:50:20'),
('41','alcz','Maxime quam repellendus rerum aspernatur eos molestiae. Culpa sit rerum vel quasi libero animi ipsam. Nihil vitae corrupti sunt libero voluptatibus maiores optio.','898223','3','0.32','2001-07-28 18:46:41','1973-12-08 09:16:59','1971-10-21 06:50:28','1980-06-14 17:26:57'),
('42','lahw','Ad est quia sunt ut quas omnis quia mollitia. Officiis quia sint officiis beatae quidem. Dolorum numquam cupiditate aliquid rerum placeat.','641937','7','0.06','2005-01-02 19:10:54','2013-12-19 01:07:40','1980-09-18 02:05:15','1989-12-29 08:18:35'),
('43','iujr','Quasi dolore fugiat assumenda beatae quisquam sed nihil nesciunt. Libero id laudantium assumenda ipsa. Quod voluptas temporibus consequatur. Veritatis est ratione rerum veritatis voluptatem et non.','0','2','0.11','1986-05-13 20:08:17','1999-07-06 18:45:49','2017-06-24 12:08:12','2014-03-28 09:06:44'),
('44','gikg','Vitae et repellat ut earum nostrum. Quo dignissimos architecto autem occaecati.','12','4','0.27','1977-11-11 02:29:37','2010-01-26 14:41:38','1970-09-17 21:57:03','2020-06-22 00:24:16'),
('45','gvbp','Voluptatem dolorum quia mollitia repellat. Ea nihil explicabo nostrum quas eligendi fugit et. Amet quod perferendis repudiandae repellendus sed. Nam autem pariatur qui natus.','141886698','5','0.23','2009-01-02 09:28:52','1976-06-04 02:08:12','2009-02-02 21:11:12','1989-08-03 21:45:24'),
('46','danu','Quod deleniti nostrum quia blanditiis officia placeat. Est quaerat sint eligendi nisi quisquam quibusdam velit. Aliquam eaque quis mollitia. Magni sint dolore eius maxime ad qui in.','136161','4','0.93','1986-09-02 07:06:20','1977-09-11 04:32:45','1996-02-10 17:07:57','1992-08-16 11:22:02'),
('47','ezly','Beatae non illo et. Est ab rerum sapiente tempore consectetur. Et numquam eum quos. Ut voluptas ut atque perspiciatis.','6748','4','0.6','2007-05-18 08:56:31','2002-11-05 12:36:54','2002-08-17 11:19:44','2003-12-27 18:21:25'),
('48','vsdz','Et hic molestiae enim. Voluptatem ut qui porro. Omnis nobis magni voluptate. Quod molestiae quo cumque sed.','6520','2','0.16','2017-08-19 00:51:46','2019-07-20 21:47:40','1981-08-04 17:49:34','2012-07-30 19:21:27'),
('49','onmw','Et quo consectetur rerum ipsum nihil quo maxime. Non veniam in dolor id magni. Facilis fugit aut perspiciatis facilis. Hic ipsa dolorem sed. Qui officia quidem doloribus.','40317241','2','0.85','2010-05-15 11:41:34','1978-09-27 04:36:52','1970-01-12 21:00:01','2007-06-12 07:02:58'),
('50','yvtf','Ipsam consectetur praesentium voluptas voluptatem quia. Aliquid voluptatem ipsam qui natus dolorem ducimus. Voluptate et labore ea. Qui facere qui et voluptatem.','1185537','6','0.93','1972-07-16 01:37:52','1995-08-09 09:32:44','1999-08-08 02:10:39','2009-04-04 17:15:12'),
('51','ujul','Aperiam doloribus in vero qui. Impedit veniam quas aut aut. Itaque cupiditate placeat unde voluptatem.','3934162','7','0.96','2013-01-21 02:17:10','1974-04-21 04:39:02','2020-06-03 06:57:43','2001-01-02 20:41:53'),
('52','gtmx','Voluptas harum eum tenetur ut molestiae. Voluptas asperiores accusantium totam molestias soluta quas dolorem velit.','2726351','6','0.49','1975-01-26 11:07:58','2005-05-16 20:07:28','1991-01-15 02:26:37','1981-07-15 03:03:21'),
('53','hmmb','Eos vero sapiente occaecati vitae. Mollitia nisi voluptas architecto dolor enim sapiente. A repellendus distinctio aut.','2783','2','0.46','2018-05-16 12:43:26','1990-06-18 09:11:31','1997-01-22 13:01:00','2009-12-22 01:28:54'),
('54','ouul','Et a illum labore nisi. Qui eum quod totam quam. Aperiam numquam molestiae veniam doloribus.','6900','8','0.05','1993-05-03 17:19:13','1971-10-13 18:32:40','2008-03-26 04:17:22','2014-05-21 08:42:52'),
('55','iqmh','Assumenda vel nemo ex distinctio. Blanditiis ipsam aut neque. Voluptas consectetur recusandae odio enim laborum. Dolor quasi perspiciatis laboriosam eaque animi nulla voluptate sint.','745702564','6','0.19','1972-11-03 18:28:50','2006-10-26 00:24:22','2000-09-25 23:26:13','1981-06-28 22:03:09'),
('56','opnv','Mollitia repellendus placeat eaque non. Dolorum voluptatem saepe a facilis molestiae commodi cum est. Incidunt consequuntur molestiae labore corporis. Aspernatur velit eos quis laudantium est non et.','427043','3','0.71','2017-12-22 17:01:58','1987-10-04 01:14:20','2013-05-03 01:33:58','2003-09-29 17:22:32'),
('57','rnwb','Magni voluptatem ut libero dolor praesentium. Aspernatur est quaerat accusantium. Ea sequi quis quia quo. Dolor et ea voluptas eius necessitatibus.','12905','4','0.14','2009-09-18 07:28:52','1985-09-05 19:58:48','2011-12-27 07:40:43','2009-08-29 17:04:24'),
('58','dubq','Libero sed dolores id ea voluptatibus aut. Recusandae tenetur perferendis sint nisi voluptatem sit iure. Dicta nostrum rerum accusamus vitae. Voluptatem saepe dolor nihil omnis.','0','3','0.47','2003-01-27 00:49:54','1991-08-25 18:05:49','1989-05-12 14:23:26','2010-07-24 01:58:26'),
('59','nlhy','Veniam autem aliquam officia. Voluptas ratione vitae enim dolorem. Consequatur ratione eos molestiae velit sed sit velit. Error est et voluptas placeat qui.','40967','7','0.89','1970-10-22 14:24:21','1971-01-09 04:03:31','1972-03-04 20:40:21','2008-02-25 15:05:47'),
('60','rpgw','Eos laborum qui rem eligendi placeat. Distinctio magnam commodi ab quod. Quaerat earum quibusdam sint ducimus fugiat.','1237','7','0.52','1983-07-06 22:40:12','1993-03-30 22:21:54','1986-11-16 10:02:03','1990-06-15 15:15:49'),
('61','vler','Aut sed molestiae et culpa. Repellat esse hic repellendus aliquid aut omnis. Impedit consequatur exercitationem non est est. Et non doloribus quia voluptatem.','3607642','6','0.03','2019-06-23 22:45:18','2008-06-20 08:58:49','1993-07-28 13:55:37','2004-12-04 10:22:17'),
('62','piro','Ut aperiam fugit maiores et dolorum. Dignissimos neque voluptate pariatur. Sapiente quisquam necessitatibus qui blanditiis assumenda hic vero repellat.','0','7','0.43','2003-09-25 09:36:50','2019-12-14 23:47:36','2020-05-23 02:42:54','1989-07-23 19:58:41'),
('63','hwqx','Libero consequatur velit recusandae id. Quia autem nam quidem perferendis est. Est velit commodi facilis modi et veniam dicta.','44167','8','0.06','1973-03-30 04:13:58','1999-08-16 17:37:48','2001-07-14 19:42:15','2017-08-28 04:51:14'),
('64','plac','Placeat rerum porro voluptatem et quia doloremque est velit. Ipsam ex facere praesentium dolore. Expedita nam doloribus ut tempora. Hic tenetur saepe iusto reiciendis quis et nam.','65869728','8','0.14','1988-08-31 07:38:31','1973-04-21 11:05:10','1985-03-04 03:36:09','1981-11-08 16:17:59'),
('65','puhb','Perspiciatis accusamus quia dolorem veniam. Magnam et ea dolor blanditiis illum porro. Et molestiae hic sit aut amet quis fugiat qui.','452','4','0.62','2010-08-10 15:51:00','1977-03-15 06:14:16','2016-04-13 21:56:21','1973-07-30 13:48:09'),
('66','oryc','Occaecati omnis reiciendis aut rerum quaerat recusandae nesciunt. Explicabo non explicabo aspernatur enim. Esse aperiam ullam magnam eos doloribus quidem. Ipsam facilis itaque velit repellendus.','1609','8','0.8','1975-03-07 23:55:11','1980-10-19 00:22:58','2018-10-04 11:01:14','2009-02-02 19:15:27'),
('67','rtlx','Consequatur explicabo et omnis sed facere. Quos qui voluptas facere. Explicabo et reiciendis doloremque quos sunt.','57232088','7','0.96','1976-09-12 07:53:44','1995-05-11 00:51:32','2003-08-24 20:38:47','1989-03-29 15:41:28'),
('68','ykkz','Qui quia vel quasi autem. Numquam non et ut. Occaecati dignissimos voluptatibus illo voluptas. Explicabo excepturi omnis ipsam earum enim sit.','68957','2','0.37','1975-04-23 04:42:06','2017-05-12 23:53:21','1977-10-31 10:58:20','2008-01-09 00:53:13'),
('69','jrwi','Voluptates fuga deserunt consequatur. Quia magnam autem temporibus placeat. Qui et praesentium facere illum non ea. Porro modi aspernatur aliquam.','172312688','8','0.58','1977-07-06 23:43:05','2014-02-23 04:08:22','2004-06-21 18:47:00','2011-01-23 22:21:08'),
('70','wlsg','Autem error et ex animi praesentium dolor qui error. Temporibus commodi ut cum culpa iusto quaerat hic. Rerum magni molestiae sit asperiores quibusdam.','10','4','0.96','2006-04-21 03:33:57','2003-09-25 08:55:21','1993-12-20 00:28:34','1971-12-01 08:42:59'),
('71','rvdy','Voluptatem sed ab aut quisquam modi. Dolor iure autem perferendis harum iste velit voluptas. Sunt corrupti doloribus aut est et repudiandae.','66203987','2','0.7','1988-07-13 01:35:42','2018-11-02 21:42:19','2010-09-17 07:33:45','1999-04-12 07:23:40'),
('72','ixyr','Iusto ut amet iste accusantium. Assumenda qui ipsam debitis quia repellendus omnis. Corrupti qui perferendis voluptas. Voluptatem ab odio consequatur ratione cumque doloribus.','9461','7','0.27','1999-11-09 04:11:18','1996-09-16 05:45:24','1970-01-29 04:58:59','2014-01-25 22:22:18'),
('73','jlli','Unde aliquam architecto consequatur vel dignissimos rerum. Recusandae error placeat facere quam. Doloribus deleniti deleniti ea. Neque perferendis cumque voluptas qui ipsam illo totam quam.','5491759','8','0.93','1985-04-29 07:20:53','1980-06-03 19:11:18','2000-11-03 09:54:14','1979-08-22 22:48:07'),
('74','ohnc','Sit magnam reiciendis sit blanditiis fuga placeat cumque. Quo dolores nulla molestias molestiae.','69','5','0.69','1986-10-11 18:46:12','2011-02-22 03:34:56','1983-11-19 04:50:02','1981-09-26 02:07:49'),
('75','hnlh','Praesentium quo at facere eaque laborum est provident voluptatum. Rerum temporibus non quidem et quia sed maiores.','7299415','6','0.66','2008-06-30 07:51:49','1980-09-16 15:12:54','1973-09-13 15:16:28','2015-12-29 17:44:23'),
('76','spqi','Voluptatem quia maiores dolores hic occaecati at. Sunt et minima deleniti ut dolorum. Quia ipsum maxime id repellat et. Iure nisi debitis rerum et ex repellendus.','0','7','0.22','2004-11-26 06:16:55','1984-07-12 15:22:31','1973-12-05 23:26:24','1993-08-02 14:20:10'),
('77','aekq','Tenetur magni laborum ipsam numquam ut incidunt. Ullam quo qui pariatur ea. Aliquid vero adipisci illum ut et. Magnam aliquam eligendi voluptas doloremque unde. Sit unde veniam quaerat numquam voluptatem.','43261','3','0.49','1997-10-15 19:54:50','1991-06-18 18:08:54','2008-09-17 02:25:32','1991-12-20 07:18:19'),
('78','qgjc','Ipsam molestiae suscipit omnis nihil. Et ullam quis eos cum. Consequatur nisi nisi iste aperiam quia numquam. Necessitatibus consectetur sint et at eligendi ad repellendus.','7213687','4','0.41','1978-12-23 02:11:41','1992-12-10 05:11:10','1973-04-23 09:13:56','1978-01-03 00:48:02'),
('79','eowz','Perferendis autem ducimus sint eos. Neque pariatur dolore ut amet quaerat voluptatum est aspernatur. Iste provident omnis rem est rem necessitatibus qui neque.','0','7','0.46','1994-04-09 19:28:10','1988-02-26 03:19:29','2009-08-19 16:36:23','1992-12-15 17:38:17'),
('80','yhhg','Enim rerum vitae assumenda maiores omnis qui consequatur. Enim minima reprehenderit officiis officia. Velit fuga eveniet dolorum repellat reiciendis qui aut commodi.','273331732','5','0.21','2018-06-23 10:45:32','1976-11-18 04:33:59','1997-01-14 10:09:34','1980-09-10 22:31:17'),
('81','pndm','Ut nihil incidunt ipsum et. Sit totam et eos veritatis molestias dolor. Consequatur reprehenderit sequi nulla et quis officia. Placeat dicta accusantium nihil asperiores porro aperiam soluta reiciendis.','328094','4','0.86','2005-01-28 22:43:51','1974-12-01 06:54:53','2005-03-14 13:54:42','2013-07-15 07:43:28'),
('82','nxqr','Unde molestias consequuntur tempora accusamus sint qui possimus in. Dolore eos ratione ipsam qui. Pariatur qui enim eius assumenda ducimus.','6','4','0.92','2005-06-06 07:22:15','1995-03-26 10:44:17','2018-09-07 21:13:33','2016-04-06 14:03:23'),
('83','jred','Facilis sed et sapiente soluta ducimus illo. Tempora reiciendis qui qui et. Exercitationem sint rerum a dolore.','22092','6','0.5','2011-02-15 17:21:51','2004-11-17 14:45:04','1993-05-30 21:55:59','2019-09-14 16:56:58'),
('84','vype','Non sit est fugit corporis voluptatem aut dolore. Temporibus hic aperiam culpa velit numquam maxime. Veniam voluptatem qui sunt saepe rerum rerum.','60313','8','0.76','2009-05-11 04:49:49','1998-01-06 23:38:29','2013-06-16 23:45:42','2007-08-03 06:14:44'),
('85','vucn','Molestiae qui ut est modi alias consequatur. Libero eveniet vel esse vero. Quisquam reiciendis pariatur harum cum labore enim inventore quibusdam. Quos labore qui quia sed eveniet. Quisquam molestiae quam magnam necessitatibus.','84','5','0.8','1990-07-25 14:40:03','1994-04-13 17:54:30','1972-11-02 15:20:23','1987-05-15 17:49:56'),
('86','flre','Ea voluptas perferendis neque voluptatem nesciunt. Et eos iure recusandae id accusantium. Perferendis dignissimos repudiandae aut mollitia ipsam quia aperiam.','351808476','4','0.71','1990-11-26 22:08:30','2020-06-09 14:16:01','1987-12-02 15:24:23','2009-10-15 08:10:10'),
('87','ihzy','Tempora non explicabo non nostrum. Odio reiciendis iusto suscipit.','7914','6','0.01','2015-06-11 04:21:24','1970-08-12 21:33:05','1985-08-31 20:05:40','1987-05-26 21:54:53'),
('88','mozi','Numquam et ea non ipsa quibusdam consequatur temporibus. Fugit eligendi id non vitae deserunt.','2','7','0.96','1978-12-17 12:18:40','1972-06-24 02:20:07','1991-10-18 16:04:13','1993-09-07 08:27:15'),
('89','pqxm','Ab aut explicabo perferendis eum. Harum quasi ut ut pariatur et velit et. Dignissimos unde omnis molestiae. Doloremque qui distinctio aut amet.','50821','7','0.62','2012-06-25 19:06:35','1986-01-31 14:34:02','1973-03-07 22:13:14','1974-08-31 16:23:56'),
('90','cnlc','Sint consequatur ex vitae omnis temporibus. Est nemo ad veniam earum est. Deserunt doloribus voluptates quidem perspiciatis alias natus. Blanditiis minus illo dignissimos ducimus ea doloribus non.','19','8','0.21','2000-10-21 02:11:23','1985-04-06 02:42:17','1996-11-20 21:19:13','2017-08-03 16:40:05'),
('91','hmeq','Vel veniam qui aliquam fugit distinctio eius assumenda ipsa. Tempora qui temporibus amet animi qui.','821','5','0.62','1972-08-17 07:48:52','2005-07-28 21:36:35','1990-09-08 15:58:32','1984-10-23 09:51:33'),
('92','cwnu','Tempora commodi labore enim possimus magni tenetur neque blanditiis. Quisquam et repellendus enim aliquam. Eaque eum placeat sit aut. Qui sint accusamus totam. Rem qui minus incidunt enim.','0','7','0.55','1974-11-05 14:39:24','2015-08-15 03:05:04','2003-11-07 11:37:59','1988-10-02 01:27:34'),
('93','nflo','Excepturi ea repellendus debitis vel. Id laboriosam maxime voluptates provident nisi. Esse consequatur rem ipsam nesciunt laboriosam quisquam.','321','8','0.29','2015-09-22 22:00:58','2010-11-10 16:58:02','1970-09-01 17:20:58','2007-02-17 15:56:53'),
('94','xohg','Repellendus nam molestiae esse amet minus quaerat repellendus omnis. Eum expedita et enim reiciendis. Quaerat est ut aut adipisci excepturi sint aut. Illo quae voluptatum aut ratione beatae soluta.','474014299','3','0.27','1976-08-10 19:35:08','2001-12-25 20:54:06','2015-08-17 23:37:30','1980-11-25 15:21:30'),
('95','tfph','Iure unde corrupti numquam voluptas iste rem dolorem. Illum quia minima asperiores ab voluptatum. Quo quia eum ad deleniti voluptas.','930571259','6','0.43','1996-02-20 00:45:36','2004-04-18 17:42:07','1980-08-27 08:51:23','2004-09-01 04:45:32'),
('96','tonx','Aperiam labore vel aut ipsa quo earum. Et neque ullam rerum. Voluptas et doloremque vel nihil distinctio consequatur debitis.','833223','7','0.81','2008-06-22 15:34:26','2005-04-14 09:58:19','2012-02-13 08:41:49','1987-02-18 13:12:35'),
('97','jzdo','Saepe voluptatibus quod nostrum error ipsum rerum accusantium. Mollitia libero aliquid ut facere in. Exercitationem suscipit quidem sed et suscipit hic vel.','2329242','7','0.8','2019-10-11 21:39:38','1982-02-02 13:25:34','2011-12-17 07:26:08','1979-11-27 02:38:12'),
('98','mneu','Sapiente consequatur molestiae non. Unde aspernatur ea aut ratione.','2','6','0.13','1986-06-06 20:59:35','2001-12-01 09:00:29','2017-01-16 00:51:19','2015-01-01 12:40:17'),
('99','rdbv','Velit atque cumque in qui et qui natus ratione. Eos aut saepe ipsa omnis rem fugiat dolorem porro.','12','5','0.2','2015-01-18 16:32:38','1985-07-03 17:29:25','1976-09-21 21:41:22','1977-03-14 15:54:51'),
('100','grwc','Vero voluptatum sed dolor. Qui possimus est exercitationem doloremque illum accusamus autem. Itaque perferendis tempora facere quo. Ut et harum ipsam eos inventore enim dolorum.','0','2','0.66','2017-02-22 02:17:24','2012-08-15 02:37:13','1988-09-28 10:37:16','1991-03-22 13:06:12'); 


DROP TABLE IF EXISTS `restaurant_points`;
CREATE TABLE `restaurant_points` (
  `id` bigint(20) unsigned NOT NULL AUTO_INCREMENT,
  `restaurant_id` bigint(20) unsigned NOT NULL,
  `address_id` bigint(20) unsigned NOT NULL,
  `created_at` datetime DEFAULT current_timestamp(),
  `updated_at` datetime DEFAULT current_timestamp() ON UPDATE current_timestamp(),
  PRIMARY KEY (`id`),
  KEY `restaurant_id` (`restaurant_id`),
  KEY `address_id` (`address_id`),
  CONSTRAINT `restaurant_points_ibfk_1` FOREIGN KEY (`restaurant_id`) REFERENCES `restaurants` (`id`),
  CONSTRAINT `restaurant_points_ibfk_2` FOREIGN KEY (`address_id`) REFERENCES `address` (`id`)
) ENGINE=InnoDB AUTO_INCREMENT=51 DEFAULT CHARSET=utf8 COLLATE=utf8_unicode_ci;

INSERT INTO `restaurant_points` VALUES ('1','3','20','1989-04-25 12:41:06','1993-04-13 22:43:52'),
('2','5','90','1980-06-14 20:56:00','2007-03-12 19:48:46'),
('3','4','67','1970-05-26 03:35:40','1972-03-27 18:05:14'),
('4','2','92','2020-03-01 13:34:03','1980-06-24 06:34:46'),
('5','13','54','1972-12-06 04:30:56','2006-02-10 09:13:05'),
('6','6','5','1971-09-17 18:31:01','1990-08-29 18:32:47'),
('7','12','30','2009-03-16 23:30:13','2011-07-13 20:58:57'),
('8','5','79','1982-01-03 18:14:55','1988-02-20 16:50:20'),
('9','9','65','1990-12-04 19:44:49','2000-07-21 12:16:14'),
('10','8','67','1972-10-06 09:43:17','1972-06-08 18:23:37'),
('11','10','83','2016-08-22 18:17:34','1991-08-22 14:25:31'),
('12','4','24','2003-03-21 00:24:52','1988-09-13 10:22:16'),
('13','8','100','2019-03-12 12:32:12','2019-05-05 16:55:01'),
('14','1','35','2010-12-25 15:45:37','1974-02-07 08:20:17'),
('15','5','94','2004-11-02 18:08:39','1978-04-04 18:35:42'),
('16','11','36','2011-01-01 05:56:35','1977-02-08 09:26:24'),
('17','3','79','2009-09-02 09:20:41','1982-06-02 13:23:45'),
('18','5','31','2017-08-14 21:18:50','2019-05-23 14:08:47'),
('19','9','30','2018-01-30 14:54:05','1980-09-15 10:06:47'),
('20','5','9','1996-04-23 06:19:20','1973-08-02 13:23:19'),
('21','17','48','2011-11-13 06:38:44','1998-06-24 00:43:26'),
('22','3','39','2006-10-08 03:10:02','1976-08-28 23:17:32'),
('23','16','35','2006-01-27 02:05:03','1999-08-21 21:46:29'),
('24','4','19','1985-05-30 19:15:14','2002-04-06 10:03:51'),
('25','20','55','1988-10-19 01:10:51','1993-01-20 06:11:45'),
('26','18','46','2018-08-31 03:57:25','2010-11-08 18:22:21'),
('27','8','4','2004-01-09 23:17:43','2006-08-12 16:59:15'),
('28','14','77','2019-01-23 14:50:16','2014-06-07 06:45:58'),
('29','1','74','1995-06-14 00:34:39','1970-01-31 01:43:27'),
('30','3','28','2010-09-18 14:14:33','2002-09-19 12:39:49'),
('31','14','66','2009-03-19 07:19:23','1998-04-14 20:40:36'),
('32','13','81','2010-11-30 14:53:14','1997-11-04 21:23:33'),
('33','9','87','1985-11-10 18:54:28','2008-01-13 10:04:10'),
('34','3','89','2011-09-22 19:20:31','1986-03-24 00:43:26'),
('35','4','33','2020-02-03 16:40:12','2006-09-21 08:05:57'),
('36','20','100','2013-06-27 03:00:32','1988-11-16 19:35:35'),
('37','17','11','1995-08-11 04:23:37','2014-01-16 06:17:46'),
('38','8','58','2003-03-28 21:37:50','1974-04-09 05:26:42'),
('39','9','56','2010-09-19 22:51:42','2006-03-15 18:24:24'),
('40','16','43','1981-12-01 19:34:08','1986-03-04 15:33:46'),
('41','3','62','1999-05-03 03:49:09','2000-04-06 10:56:06'),
('42','18','48','1982-06-23 19:43:56','1974-08-08 11:18:01'),
('43','13','59','2010-05-06 23:32:53','1987-06-17 01:27:03'),
('44','5','68','1992-05-30 18:41:16','1999-12-01 21:35:57'),
('45','7','35','1997-08-08 06:15:17','1997-04-24 05:56:46'),
('46','19','100','1971-09-14 16:40:00','1999-12-25 20:38:01'),
('47','20','57','1991-06-10 10:51:11','2016-01-20 05:58:46'),
('48','16','43','2015-05-22 16:56:22','2008-04-05 10:18:19'),
('49','9','91','2008-11-15 23:23:51','1995-05-18 02:25:34'),
('50','7','59','1970-01-06 07:17:00','2011-11-04 08:24:29'); 


DROP TABLE IF EXISTS `restaurant_promocode`;
CREATE TABLE `restaurant_promocode` (
  `restaurant_point_id` bigint(20) unsigned NOT NULL,
  `promocode_id` bigint(20) unsigned NOT NULL,
  PRIMARY KEY (`restaurant_point_id`,`promocode_id`),
  KEY `promocode_id` (`promocode_id`),
  CONSTRAINT `restaurant_promocode_ibfk_1` FOREIGN KEY (`restaurant_point_id`) REFERENCES `restaurant_points` (`id`),
  CONSTRAINT `restaurant_promocode_ibfk_2` FOREIGN KEY (`promocode_id`) REFERENCES `promocodes` (`id`)
) ENGINE=InnoDB DEFAULT CHARSET=utf8 COLLATE=utf8_unicode_ci;

INSERT INTO `restaurant_promocode` VALUES ('1','4'),
('2','32'),
('2','42'),
('2','49'),
('2','65'),
('3','17'),
('3','24'),
('4','32'),
('4','88'),
('5','3'),
('6','68'),
('7','9'),
('7','21'),
('7','25'),
('8','8'),
('8','89'),
('9','48'),
('9','78'),
('10','63'),
('11','53'),
('12','27'),
('13','14'),
('13','17'),
('13','32'),
('13','95'),
('14','2'),
('14','19'),
('14','55'),
('14','81'),
('14','97'),
('14','99'),
('15','61'),
('16','1'),
('16','11'),
('16','64'),
('16','73'),
('16','97'),
('17','31'),
('18','33'),
('18','69'),
('18','87'),
('19','40'),
('20','44'),
('20','63'),
('20','98'),
('22','3'),
('22','79'),
('23','12'),
('23','38'),
('23','60'),
('24','8'),
('25','72'),
('26','40'),
('26','51'),
('26','57'),
('27','87'),
('27','91'),
('28','23'),
('28','85'),
('29','52'),
('30','60'),
('31','63'),
('32','6'),
('32','83'),
('33','21'),
('33','22'),
('33','66'),
('35','4'),
('35','74'),
('36','32'),
('36','49'),
('36','92'),
('37','26'),
('37','44'),
('37','96'),
('40','22'),
('40','72'),
('41','31'),
('41','73'),
('42','95'),
('43','8'),
('43','36'),
('44','65'),
('44','82'),
('45','1'),
('45','95'),
('46','20'),
('46','23'),
('46','52'),
('46','60'),
('46','68'),
('46','92'),
('48','6'),
('48','23'),
('48','71'),
('48','92'),
('49','76'),
('50','17'),
('50','58'),
('50','83'); 


DROP TABLE IF EXISTS `restaurant_rating`;
CREATE TABLE `restaurant_rating` (
  `restaurant_point_id` bigint(20) unsigned NOT NULL,
  `user_id` bigint(20) unsigned NOT NULL,
  `value` enum('0','1','2','3','4','5') COLLATE utf8_unicode_ci DEFAULT NULL,
  `created_at` datetime DEFAULT current_timestamp(),
  `updated_at` datetime DEFAULT current_timestamp() ON UPDATE current_timestamp(),
  PRIMARY KEY (`restaurant_point_id`,`user_id`),
  KEY `user_id` (`user_id`),
  CONSTRAINT `restaurant_rating_ibfk_1` FOREIGN KEY (`restaurant_point_id`) REFERENCES `restaurant_points` (`id`),
  CONSTRAINT `restaurant_rating_ibfk_2` FOREIGN KEY (`user_id`) REFERENCES `users` (`id`)
) ENGINE=InnoDB DEFAULT CHARSET=utf8 COLLATE=utf8_unicode_ci;

INSERT INTO `restaurant_rating` VALUES ('1','119','2','1996-06-17 00:20:10','2017-09-24 08:49:41'),
('1','130','3','2009-05-21 00:27:43','1977-09-22 08:14:34'),
('1','158','4','1970-03-19 19:07:09','2016-12-20 08:57:22'),
('1','171','0','2012-10-04 19:28:42','2001-07-08 17:11:56'),
('1','182','3','2010-11-13 17:57:54','2006-10-24 15:11:59'),
('1','187','2','2003-05-05 02:06:33','2005-05-28 10:42:56'),
('2','138','2','2015-09-16 12:10:12','2017-01-05 06:33:40'),
('2','146','4','1981-11-28 07:30:23','2008-06-04 15:42:55'),
('2','158','0','2019-11-23 04:24:14','2013-12-05 09:23:39'),
('2','165','0','2004-11-11 05:52:57','2014-12-07 03:58:45'),
('2','169','2','2008-02-07 19:13:45','1974-03-02 04:31:29'),
('2','190','0','2001-08-16 13:19:21','1975-02-15 19:18:15'),
('2','192','2','1997-11-25 23:28:39','1996-12-16 14:08:12'),
('2','198','0','2006-07-10 23:36:18','1998-02-25 07:30:31'),
('3','102','2','1999-08-11 12:23:07','1970-11-25 23:24:39'),
('3','126','0','1985-11-02 16:12:04','1998-12-29 05:50:43'),
('3','143','2','1994-01-14 07:52:55','1992-11-17 03:27:01'),
('3','197','2','1981-09-10 08:20:44','2011-04-27 08:50:02'),
('4','118','0','2001-01-04 17:31:43','1973-05-05 10:18:03'),
('4','119','2','1972-11-17 06:25:55','2015-10-29 23:58:22'),
('4','123','4','1970-03-30 05:00:52','1979-07-24 10:45:16'),
('4','130','3','1981-01-15 12:09:45','1998-05-18 16:36:22'),
('4','152','3','2016-09-05 07:19:42','2007-06-15 22:37:21'),
('4','158','5','1994-11-18 04:54:33','1994-02-01 16:26:56'),
('4','188','1','1999-06-24 05:41:59','1995-11-20 02:28:08'),
('4','190','5','2015-06-14 18:29:23','1982-10-26 11:38:47'),
('5','150','5','2015-11-06 07:32:33','1980-01-30 00:09:19'),
('5','153','1','1997-07-26 23:23:40','2013-11-28 04:35:57'),
('5','182','2','1982-11-06 06:32:55','1996-11-05 05:45:41'),
('5','186','5','2007-10-23 19:32:36','1999-02-07 18:48:54'),
('5','194','3','1974-02-11 13:24:46','1988-06-21 02:06:09'),
('5','195','0','2011-03-14 23:52:57','2005-12-31 23:13:07'),
('5','197','5','1970-06-01 11:47:08','1977-05-26 21:44:16'),
('6','105','1','1989-07-26 22:29:52','1978-03-23 20:36:21'),
('6','117','5','1982-01-26 02:30:41','2015-08-25 22:34:20'),
('6','124','0','1994-12-17 21:10:25','2001-07-05 12:09:12'),
('6','129','4','1983-04-25 13:17:57','1997-10-30 15:18:19'),
('6','131','1','1987-11-11 23:57:05','2016-10-06 04:51:55'),
('6','136','5','2010-09-09 16:41:17','2008-12-11 16:22:18'),
('6','138','0','1986-08-22 01:18:55','1998-12-22 17:22:44'),
('6','146','3','1994-07-03 20:06:55','1989-04-10 15:38:52'),
('6','169','2','1980-09-08 16:59:27','2007-09-30 15:58:14'),
('6','174','3','1973-07-15 05:42:52','1971-02-07 12:35:38'),
('6','176','2','1991-06-13 18:16:53','2017-02-02 18:48:37'),
('6','182','4','2003-10-11 10:59:59','2000-04-11 16:15:27'),
('6','183','1','2004-07-20 17:18:11','1997-10-21 19:42:02'),
('6','188','1','1992-04-24 23:57:08','2013-05-30 06:45:10'),
('6','192','0','2011-03-14 16:18:24','1988-05-28 14:53:44'),
('7','111','3','1984-06-25 02:55:45','1983-06-02 06:14:30'),
('7','138','0','1985-08-04 11:05:39','1981-09-08 04:34:27'),
('7','172','5','2006-01-19 04:53:30','2012-08-01 23:33:18'),
('7','173','2','2013-06-11 17:22:43','1994-10-22 09:41:05'),
('7','176','2','2019-08-16 00:44:58','2009-04-15 23:05:46'),
('7','200','1','2007-06-09 18:24:28','1989-07-12 00:43:46'),
('8','101','3','1971-01-24 22:21:40','1973-11-22 22:12:37'),
('8','109','4','1991-09-28 06:50:37','1991-09-12 19:28:40'),
('8','130','0','2019-02-03 19:54:58','1978-07-07 23:25:38'),
('8','149','1','2004-08-20 03:12:33','1993-06-28 01:30:56'),
('8','168','3','1980-12-06 15:03:35','2003-12-04 01:43:05'),
('8','176','4','1985-12-10 04:39:25','1974-05-10 00:06:49'),
('8','183','2','2007-05-15 02:59:27','2005-03-28 04:18:32'),
('8','194','1','1972-01-04 01:50:28','1994-10-10 09:58:03'),
('8','197','4','1994-08-20 00:25:14','1998-12-08 18:40:26'),
('9','105','5','1985-09-04 04:37:25','1986-09-12 17:18:18'),
('9','107','2','2011-10-18 19:49:24','1985-05-13 13:53:06'),
('9','178','2','1983-09-24 00:48:59','1992-07-31 09:33:17'),
('9','180','4','1975-04-24 16:23:09','1993-08-17 08:28:24'),
('9','194','3','2006-12-24 12:03:19','1988-09-05 15:29:34'),
('10','103','4','1997-07-28 21:50:48','2014-07-20 04:17:18'),
('10','104','3','1974-01-12 06:03:14','2016-08-11 04:00:44'),
('10','105','1','1982-04-13 18:58:30','1997-07-25 00:03:39'),
('10','117','5','2007-08-11 23:01:06','2014-12-28 21:22:42'),
('10','123','2','1992-12-06 06:24:36','1970-01-29 22:48:30'),
('10','152','5','1992-01-11 06:01:29','2012-08-29 05:59:35'),
('10','164','2','2004-06-14 20:12:44','1988-05-04 01:00:28'),
('10','188','5','1979-02-03 14:21:42','1992-01-10 19:37:19'),
('10','190','1','2018-02-06 20:38:05','2017-04-17 00:37:18'),
('10','196','3','1993-07-24 20:58:45','1993-05-21 16:33:27'),
('11','102','3','1970-01-23 02:30:13','1972-10-01 04:48:01'),
('11','104','3','2009-04-11 19:37:12','2012-05-27 16:55:50'),
('11','105','4','2010-10-05 13:29:10','1987-08-15 03:35:10'),
('11','123','0','1985-03-20 13:35:55','1985-11-25 18:54:04'),
('11','125','3','1972-09-03 05:17:24','1987-06-22 07:33:11'),
('11','142','4','2009-06-30 05:55:48','1978-04-24 06:17:35'),
('11','166','1','2013-04-06 11:00:06','2009-03-02 18:00:34'),
('11','193','0','2001-04-18 13:25:28','1978-05-23 00:41:14'),
('11','196','2','2014-12-19 03:22:53','1996-07-13 15:20:26'),
('11','200','5','1995-11-20 04:02:06','2017-06-14 10:45:02'),
('12','102','1','1976-10-18 23:38:06','1981-11-08 20:15:05'),
('12','107','5','1993-12-26 02:13:55','2000-06-23 07:17:48'),
('12','110','2','1974-07-01 19:32:02','2003-03-03 22:08:05'),
('12','168','3','1987-03-23 21:36:07','1994-08-03 19:24:29'),
('12','183','2','2011-10-19 01:52:17','1993-04-24 02:26:48'),
('12','187','2','2020-05-12 16:59:49','1984-08-07 17:49:19'),
('12','192','1','1982-02-06 08:07:53','1991-11-17 04:44:46'),
('13','129','3','1989-08-07 03:36:17','1981-04-06 09:47:58'),
('13','142','1','1976-10-26 08:26:34','2015-03-15 19:22:25'),
('13','164','2','1975-07-08 05:27:58','1973-12-03 09:54:57'),
('13','172','2','2007-09-25 14:58:28','1999-03-07 11:01:15'),
('13','192','4','1990-05-09 15:52:25','1983-09-03 02:22:10'),
('13','194','0','1995-09-14 22:33:46','2002-08-13 21:54:58'),
('13','196','0','1974-06-11 11:43:43','2014-01-19 17:42:09'),
('14','102','5','1992-07-31 14:52:30','1974-08-04 07:37:16'),
('14','126','0','1992-12-23 00:50:04','1990-09-22 02:47:44'),
('14','143','2','1993-02-21 01:02:49','1973-02-22 14:16:29'),
('14','153','2','1995-05-25 19:23:48','1970-11-10 21:11:11'),
('14','169','2','1972-04-13 19:31:30','2013-03-30 07:16:10'),
('14','172','3','2002-03-11 05:56:53','2018-05-05 13:55:06'),
('14','182','3','2015-09-18 07:31:57','1988-07-26 12:42:42'),
('14','187','4','1981-04-08 04:25:38','2020-02-15 15:15:29'),
('14','190','5','1976-08-16 11:29:39','1994-08-09 05:35:03'),
('14','199','4','2018-05-14 00:22:33','2002-07-25 17:22:47'),
('15','111','2','2017-05-05 17:51:00','2007-01-25 20:43:36'),
('15','117','5','1974-05-13 19:04:00','1977-03-26 21:47:31'),
('15','123','0','1991-05-27 01:52:45','1987-12-23 15:28:41'),
('15','126','4','1982-06-16 06:34:24','2013-03-08 00:23:19'),
('15','169','2','2012-10-06 20:01:39','1970-07-07 03:37:05'),
('15','194','1','1987-11-17 18:53:10','1986-04-26 03:46:34'),
('15','195','1','2009-12-05 04:48:06','1990-08-09 16:40:14'),
('15','197','3','1976-06-25 17:17:14','2020-03-05 22:13:19'),
('15','199','2','1973-11-08 16:32:47','2012-03-25 05:53:39'),
('16','104','3','1971-01-06 02:53:02','2014-11-17 03:13:08'),
('16','110','3','1999-05-08 18:31:43','2013-08-07 06:47:39'),
('16','117','1','1986-05-02 15:41:12','1977-10-12 11:26:31'),
('16','152','3','2007-12-29 00:04:18','2003-10-03 15:58:52'),
('16','198','5','1984-11-09 00:36:26','2013-12-24 15:56:42'),
('17','119','2','2017-08-03 04:12:10','2012-01-12 17:49:07'),
('17','124','0','1978-03-27 06:10:08','1989-10-19 03:30:20'),
('17','136','0','1981-01-25 08:43:23','2008-04-11 22:23:54'),
('17','146','5','1997-08-07 03:41:44','1989-11-07 11:49:15'),
('17','147','1','2002-01-18 14:46:51','1978-01-17 11:29:59'),
('17','153','4','2008-05-21 01:33:54','2007-09-13 06:10:26'),
('17','166','2','1993-04-10 00:29:45','1984-11-04 23:07:41'),
('17','171','4','1985-03-30 15:44:35','1986-02-05 17:19:35'),
('17','178','1','1974-12-14 18:38:21','1983-08-17 00:51:42'),
('17','192','2','2017-02-21 19:55:23','1975-12-04 22:53:39'),
('18','111','4','2012-01-21 09:03:53','1980-11-07 17:03:24'),
('18','142','1','1970-01-16 18:24:57','1990-08-08 03:31:38'),
('18','161','1','2008-08-23 09:01:45','2009-02-17 15:01:43'),
('18','168','4','2005-03-17 23:35:36','1999-02-03 05:00:02'),
('18','172','0','1987-05-12 20:15:28','1996-08-15 09:15:08'),
('18','199','2','1984-03-09 17:10:00','1992-03-08 10:31:38'),
('19','101','4','1980-02-18 11:23:16','1995-10-15 06:56:40'),
('19','117','3','1987-11-18 07:20:39','1981-10-21 06:35:40'),
('19','171','2','1996-09-26 19:25:10','1980-04-10 16:03:18'),
('19','197','0','1976-01-14 11:33:01','1975-02-19 10:50:43'),
('20','102','4','2017-04-27 04:28:11','1980-10-12 13:29:27'),
('20','109','3','2005-08-20 12:23:49','1982-07-06 00:20:52'),
('20','116','3','1989-09-23 03:36:20','1976-05-04 17:39:05'),
('20','123','4','1988-08-20 17:20:56','1995-04-05 19:18:51'),
('20','129','3','1970-08-02 10:29:26','1988-06-04 09:07:33'),
('20','143','3','1988-03-22 01:55:42','2000-06-17 00:07:47'),
('20','166','1','1975-07-28 21:16:27','1988-07-08 15:52:10'),
('20','193','2','1980-01-29 21:58:48','1981-06-01 10:09:41'),
('21','116','0','1986-06-08 16:29:29','2018-09-10 03:18:02'),
('21','117','2','1976-05-13 10:32:19','1989-08-07 08:55:07'),
('21','126','1','2005-07-29 08:18:51','2006-04-23 06:20:45'),
('21','131','3','1979-06-15 13:14:00','2018-04-13 20:34:30'),
('21','146','2','2000-03-22 09:29:37','2006-07-10 09:42:08'),
('21','152','5','1989-01-09 12:03:32','1987-05-03 14:55:02'),
('21','166','4','2002-04-03 18:27:51','1981-05-28 09:37:58'),
('21','174','1','1972-09-13 19:36:01','1974-03-12 10:45:36'),
('21','187','1','1987-02-21 15:08:29','2009-12-25 14:12:47'),
('22','101','3','1994-07-07 00:22:45','1976-02-21 17:47:02'),
('22','111','1','1998-08-24 02:17:52','1974-07-26 04:14:15'),
('22','142','2','2006-02-25 10:09:21','1982-01-11 04:59:15'),
('22','150','5','2014-12-01 06:15:45','1992-08-12 16:56:33'),
('22','157','1','2006-11-26 22:05:38','1981-06-24 17:16:44'),
('22','161','5','1974-02-12 23:55:34','2007-02-13 09:21:02'),
('22','165','5','2006-06-23 23:01:00','1980-05-11 19:09:08'),
('23','107','5','2012-09-30 05:27:06','1982-10-08 21:19:14'),
('23','121','4','2000-04-02 06:08:58','1988-03-03 15:59:03'),
('23','123','1','2000-03-08 22:04:07','1984-07-17 19:32:08'),
('23','192','0','2015-03-25 15:45:04','1975-05-11 04:50:00'),
('23','200','4','1984-08-09 20:10:46','2006-09-26 18:13:14'),
('24','111','5','1970-02-12 23:36:17','1971-05-09 05:04:40'),
('24','113','3','1984-05-10 06:03:42','1997-03-28 09:39:30'),
('24','136','2','1977-08-20 11:48:56','2006-11-17 02:52:10'),
('24','158','5','1995-09-03 11:59:18','1990-11-19 09:25:25'),
('24','161','1','1971-09-18 07:38:47','2017-09-16 12:46:31'),
('24','165','4','2005-12-12 20:28:17','2020-06-24 21:34:57'),
('24','168','0','1987-11-03 01:02:37','1997-07-22 03:17:23'),
('24','171','5','1983-01-11 21:47:47','1994-07-21 00:25:23'),
('25','107','0','2003-11-29 04:27:17','1995-11-06 05:05:50'),
('25','138','2','1989-10-28 17:01:31','2006-08-14 14:11:12'),
('25','146','2','1995-09-22 21:11:40','1982-04-14 14:07:57'),
('25','147','0','2018-11-30 14:13:18','1986-08-09 11:41:23'),
('25','149','3','1972-12-30 02:14:57','1992-05-03 08:36:09'),
('25','158','3','2012-06-07 09:00:02','2009-10-22 09:46:00'),
('25','165','5','1976-12-19 16:10:18','1988-02-19 12:32:41'),
('25','173','5','1982-05-14 07:23:42','1997-04-12 02:35:29'),
('25','195','1','1989-12-25 09:10:48','2010-10-12 06:25:05'),
('25','200','4','1997-12-20 03:28:07','2020-01-04 22:40:31'),
('26','104','5','1983-04-07 23:46:22','2005-03-04 15:26:03'),
('26','140','2','2017-01-31 05:54:38','1991-11-18 04:42:15'),
('26','143','1','2016-11-20 07:11:01','1982-08-27 06:13:29'),
('26','158','2','1985-07-12 19:56:49','1979-12-05 15:42:53'),
('26','169','5','1970-10-19 05:59:40','1979-04-12 02:31:18'),
('26','178','3','1988-06-01 03:00:26','1977-10-16 14:53:05'),
('26','180','0','1989-01-01 14:43:28','1972-08-30 04:06:32'),
('26','181','3','1973-12-11 04:56:13','2012-03-24 14:21:55'),
('26','191','3','2008-01-07 12:15:41','1979-11-20 20:43:57'),
('27','111','2','2000-09-10 17:09:40','1992-07-23 20:10:57'),
('27','116','2','2018-10-09 16:11:25','1973-03-02 08:06:56'),
('27','118','3','2008-02-05 02:08:20','1982-12-23 10:43:49'),
('27','124','4','2006-01-30 17:19:37','1972-02-24 08:09:15'),
('27','125','5','2004-08-20 03:28:22','1981-12-21 14:35:35'),
('27','131','2','1999-08-03 13:35:50','1973-02-13 07:12:50'),
('27','133','4','2004-08-03 20:51:37','1979-10-15 10:42:33'),
('27','140','5','1975-09-15 01:29:29','2002-10-01 15:04:58'),
('27','153','4','1999-03-17 17:54:01','1990-04-21 02:50:55'),
('27','188','1','1985-06-29 07:03:32','1999-12-17 17:35:27'),
('27','200','4','1973-01-18 07:00:34','2013-01-15 21:32:03'),
('28','125','2','1988-04-15 15:23:21','2015-07-28 17:24:51'),
('28','138','0','2015-08-22 17:35:34','2019-07-21 13:45:22'),
('28','143','3','2016-07-12 16:18:43','1988-07-19 14:03:54'),
('28','146','0','2012-09-19 03:21:49','2013-12-21 12:04:11'),
('28','149','5','2011-06-16 22:34:17','2006-11-05 01:32:54'),
('28','178','0','1995-12-18 10:20:23','1974-06-07 06:01:07'),
('28','183','5','2009-12-28 22:29:40','1975-04-08 11:54:24'),
('28','186','0','1984-11-10 19:16:22','1971-11-19 23:03:38'),
('28','188','0','1974-03-16 11:33:49','1979-10-26 19:22:57'),
('28','191','2','1993-04-17 07:09:53','1983-11-30 07:23:57'),
('29','136','3','2007-06-19 07:52:13','1970-08-01 13:55:20'),
('29','166','0','2012-05-28 08:07:34','2007-08-21 04:29:13'),
('29','169','0','1977-06-24 22:44:59','1989-08-20 02:52:35'),
('29','172','3','2017-10-04 19:15:52','1978-09-29 23:38:35'),
('29','181','3','1989-12-09 14:13:17','1991-02-09 06:16:31'),
('29','186','2','2003-11-07 18:20:39','1978-12-13 20:23:28'),
('29','199','3','1972-05-13 09:56:08','1983-02-16 17:59:13'),
('30','146','2','1988-09-06 15:48:09','2018-05-17 14:55:08'),
('30','169','2','1997-11-23 08:04:22','1995-06-05 05:41:41'),
('30','178','1','1979-11-17 22:57:30','1983-11-13 13:58:10'),
('30','195','2','1995-11-30 17:04:17','1979-02-03 09:59:15'),
('30','199','0','2017-02-11 15:04:52','1988-09-06 21:38:04'),
('31','103','5','1994-05-23 00:12:17','1973-04-21 01:39:06'),
('31','125','1','1973-09-25 19:36:44','1995-08-23 18:18:15'),
('31','130','4','2001-08-19 05:43:09','1973-09-29 14:58:57'),
('31','152','3','1990-12-30 04:06:28','1994-08-14 18:59:21'),
('31','164','1','2005-05-28 21:53:46','1994-02-05 16:24:57'),
('31','171','3','1999-05-16 04:57:16','1992-02-08 23:03:55'),
('32','110','2','2002-03-08 00:50:35','1990-08-05 09:14:51'),
('32','121','1','1996-07-14 13:54:21','1982-05-09 22:17:07'),
('32','123','1','2013-08-02 10:57:02','1999-03-16 02:06:12'),
('32','129','2','1978-09-22 01:24:08','2010-01-12 10:54:19'),
('32','140','1','2006-08-04 23:31:51','1996-03-14 14:46:58'),
('32','149','4','2015-11-21 08:59:45','1993-10-17 09:11:13'),
('32','157','0','1983-12-11 07:21:22','2014-02-04 02:46:51'),
('32','172','3','1992-12-20 05:39:00','1978-09-13 13:36:28'),
('32','180','0','1982-04-04 07:36:45','1990-01-16 09:35:03'),
('32','197','4','2020-01-08 01:40:43','1983-06-27 21:24:13'),
('33','104','2','1981-04-08 01:14:15','2018-11-11 17:52:04'),
('33','126','4','1977-10-27 21:57:28','1971-12-12 17:14:56'),
('33','143','0','1970-03-31 02:13:40','2010-01-11 01:05:22'),
('33','153','0','1988-09-14 19:17:43','2006-06-25 08:09:30'),
('33','193','1','1990-09-28 14:05:17','1997-02-22 00:32:55'),
('34','104','1','1971-05-03 11:00:34','2009-04-24 17:09:53'),
('34','116','4','1991-08-30 09:21:06','1983-05-28 18:32:25'),
('34','126','5','1976-07-31 05:47:50','1975-03-16 23:16:37'),
('34','133','2','2019-05-21 18:34:06','1973-02-25 12:03:23'),
('34','147','2','1991-09-15 17:50:14','1981-12-03 19:23:15'),
('34','149','5','2020-02-21 20:47:32','2017-03-12 10:51:27'),
('34','172','2','1986-03-31 17:39:12','1976-08-07 06:06:48'),
('34','183','3','2019-07-24 16:03:19','1971-07-13 08:17:47'),
('34','188','3','2017-10-27 06:13:43','1989-02-25 18:11:19'),
('34','198','3','2016-11-16 04:47:35','2013-08-26 20:23:15'),
('35','121','4','2002-09-29 10:41:42','2002-02-07 21:56:44'),
('35','123','3','2008-08-10 16:55:22','1982-11-29 08:18:15'),
('35','126','2','2013-08-12 22:59:27','1986-09-26 04:16:14'),
('35','133','1','1974-07-12 01:47:03','1995-06-04 12:46:56'),
('35','157','2','2010-01-20 13:19:37','1985-12-01 21:38:22'),
('35','180','1','2003-08-18 08:12:14','2017-01-07 10:35:36'),
('35','193','3','1997-08-11 04:15:39','1994-04-19 19:05:58'),
('35','196','0','1988-06-18 03:25:56','2013-06-28 05:04:36'),
('36','109','5','2004-06-21 13:39:18','1995-12-21 18:28:52'),
('36','117','4','1980-12-09 15:44:57','2017-01-18 03:32:28'),
('36','119','0','1976-03-31 01:06:47','2011-11-14 04:53:59'),
('36','133','3','1995-12-20 05:01:56','1977-06-20 20:29:12'),
('36','136','1','2003-05-10 01:35:59','2010-08-14 18:06:16'),
('36','138','4','2009-09-24 23:19:24','1980-02-17 14:09:01'),
('36','161','0','2019-08-11 00:52:34','2003-04-14 12:09:11'),
('36','186','2','2018-09-15 03:19:00','2016-12-10 09:26:44'),
('36','193','1','1978-07-06 18:09:59','1986-12-10 21:17:43'),
('36','196','1','2000-11-07 00:50:01','2002-08-18 20:53:47'),
('37','105','0','1975-12-03 11:22:41','2006-03-27 09:00:32'),
('37','113','4','1979-05-03 12:59:04','2000-07-10 17:57:21'),
('37','116','2','2012-05-24 09:53:45','2015-01-14 19:32:31'),
('37','118','4','1990-05-18 17:36:07','1971-08-17 01:50:15'),
('37','143','3','2008-02-21 05:57:57','1999-02-22 21:05:37'),
('37','147','3','1993-12-27 17:28:35','2019-09-22 04:58:23'),
('37','180','2','1990-04-06 17:08:02','2019-07-13 18:35:39'),
('37','193','0','2004-07-28 09:18:20','2013-05-27 07:26:36'),
('38','124','3','1975-06-18 05:29:29','1989-10-23 01:49:17'),
('38','146','5','2002-04-26 23:13:31','1992-12-28 18:44:21'),
('38','183','3','1979-05-26 05:41:54','1989-12-03 22:01:41'),
('38','186','3','1990-04-11 11:14:16','2000-03-17 23:19:45'),
('38','191','1','1994-12-22 00:32:42','2003-04-15 21:30:40'),
('39','109','4','2002-07-25 18:19:36','1991-12-09 14:33:37'),
('39','117','0','2015-01-28 05:42:27','2002-12-23 09:44:48'),
('39','123','2','2006-01-15 03:57:25','2013-11-02 17:56:50'),
('39','138','2','1978-08-10 10:28:00','1982-05-18 14:29:20'),
('39','140','3','2007-12-16 00:48:11','1987-08-19 21:37:15'),
('39','190','4','2008-04-02 02:16:36','2019-03-26 11:16:33'),
('40','111','4','1987-10-06 02:30:35','2002-03-29 09:36:01'),
('40','187','1','2014-07-23 13:17:35','1976-06-03 12:50:37'),
('41','104','1','2015-08-13 11:18:54','2012-05-01 16:30:01'),
('41','110','3','1975-03-06 19:55:29','1993-04-30 18:17:45'),
('41','142','2','1999-09-14 03:32:05','2001-11-12 09:53:01'),
('41','181','1','1983-02-03 19:24:39','1997-12-16 17:37:50'),
('42','103','4','1995-07-06 06:59:57','2001-09-27 20:16:14'),
('42','116','0','2014-09-21 15:49:37','1989-04-30 08:36:22'),
('42','121','1','2008-11-21 04:50:42','1993-08-27 22:16:45'),
('42','124','5','2007-07-05 21:24:07','1997-12-27 06:29:53'),
('42','149','1','1996-10-26 06:12:25','2017-01-09 21:24:43'),
('42','194','3','1990-05-28 21:05:57','1971-04-19 22:04:05'),
('42','195','3','1992-04-05 02:13:11','1982-06-01 05:33:38'),
('43','104','2','2004-01-07 03:02:22','2008-09-21 15:01:36'),
('43','107','5','2016-01-16 15:36:37','1979-05-04 01:02:32'),
('43','116','3','2019-01-12 18:42:52','1980-10-02 19:28:24'),
('43','150','2','2011-04-26 20:22:32','1975-09-29 12:19:09'),
('43','153','4','2003-07-05 15:39:04','2000-04-11 04:43:19'),
('43','181','4','1988-09-10 09:32:03','2010-09-26 22:54:22'),
('43','182','2','1987-11-22 02:38:50','2012-08-09 00:09:27'),
('43','196','4','1970-09-19 09:50:10','1988-08-21 19:07:50'),
('44','116','0','1972-05-06 14:15:16','1996-12-19 09:56:12'),
('44','164','3','1998-09-01 07:11:27','1972-12-21 18:11:15'),
('44','166','2','1979-02-17 18:17:57','1985-04-04 11:59:55'),
('44','169','0','2004-02-29 01:36:02','2020-04-06 05:46:10'),
('44','198','3','2012-05-13 20:30:39','1977-09-17 05:31:10'),
('44','200','5','1986-07-14 00:05:50','1974-02-05 04:18:27'),
('45','103','3','2009-02-08 01:18:41','1973-11-23 23:15:04'),
('45','109','0','2003-05-15 17:31:46','2007-04-23 17:08:53'),
('45','113','0','2011-06-03 15:39:17','2017-04-03 22:52:10'),
('45','119','2','2006-02-05 03:07:29','1984-04-23 06:06:20'),
('45','123','0','1976-10-19 05:05:30','1999-12-14 01:31:23'),
('45','124','0','1998-06-16 13:48:07','1970-09-15 03:21:56'),
('45','153','1','1970-04-03 22:50:45','1992-12-12 09:07:13'),
('45','157','2','1971-01-13 12:11:18','2010-03-28 02:24:52'),
('45','193','0','1984-10-25 02:03:25','2004-03-31 11:32:06'),
('46','126','4','1980-11-22 17:57:00','1990-12-22 03:13:38'),
('46','142','2','2008-03-03 12:56:25','1995-06-03 22:15:34'),
('46','161','0','2005-02-15 21:41:04','1988-06-04 00:45:36'),
('46','188','5','2002-08-30 23:34:31','1972-04-10 05:56:52'),
('46','198','1','1980-12-11 13:46:16','1971-07-06 06:34:08'),
('47','103','3','2009-05-25 17:00:06','2017-07-14 09:41:58'),
('47','104','3','1996-11-01 02:57:39','1991-03-22 09:23:18'),
('47','111','0','1998-08-01 23:40:27','1997-03-25 23:00:07'),
('47','116','1','2015-10-28 02:28:15','1991-12-17 23:35:01'),
('47','118','3','2004-11-22 18:42:42','2008-07-29 07:44:34'),
('47','130','4','2010-10-24 23:07:51','1984-06-06 20:10:14'),
('47','158','3','2012-04-01 15:34:52','1991-10-20 23:33:32'),
('47','164','5','2015-08-06 20:58:02','2016-08-19 08:39:15'),
('47','173','5','1988-12-27 19:28:03','1971-10-25 11:10:12'),
('47','180','0','1988-06-05 11:07:39','1991-03-05 17:38:40'),
('47','181','2','2010-03-31 07:32:17','1985-05-21 00:59:13'),
('47','199','4','2010-09-01 00:03:04','2004-10-24 09:56:23'),
('48','101','5','1998-12-07 20:01:42','1987-07-16 00:15:12'),
('48','121','5','1986-09-06 21:39:39','2016-12-21 23:28:28'),
('48','124','1','2016-03-07 19:48:57','2007-06-25 07:00:27'),
('48','146','4','1994-09-28 05:31:50','1993-10-15 17:44:15'),
('48','161','2','2005-10-24 11:11:21','1988-08-03 02:27:08'),
('48','165','4','2013-05-26 00:35:52','1972-01-11 15:07:20'),
('48','174','1','2002-01-13 22:22:08','2006-01-24 04:33:24'),
('48','181','1','2016-12-21 22:43:07','2006-09-03 19:17:33'),
('48','187','5','1977-01-20 02:57:07','2019-12-01 08:27:26'),
('48','191','0','1998-08-26 00:51:47','2008-02-27 02:07:44'),
('49','113','3','2003-12-29 20:55:35','1989-01-23 22:57:18'),
('49','125','0','2009-10-25 10:48:47','1976-11-16 21:03:35'),
('49','158','2','1995-09-01 13:16:48','2014-06-11 20:47:56'),
('49','169','0','1981-09-26 19:50:16','1988-07-02 17:23:55'),
('50','104','5','1973-05-09 07:38:31','2004-11-25 03:08:08'),
('50','107','2','1989-11-12 02:09:06','1988-12-30 13:07:17'),
('50','126','1','2000-11-09 01:13:20','1972-11-02 10:02:45'),
('50','147','4','1995-06-25 08:21:09','2011-08-31 05:04:22'),
('50','158','0','1981-09-28 22:31:40','1984-11-27 05:34:03'),
('50','169','5','1986-10-18 17:49:00','2015-04-27 18:47:34'),
('50','173','0','2012-01-29 00:37:40','1992-07-23 07:03:48'),
('50','192','5','1975-10-21 09:40:30','2020-06-28 18:34:30'); 


DROP TABLE IF EXISTS `restaurants`;
CREATE TABLE `restaurants` (
  `id` bigint(20) unsigned NOT NULL AUTO_INCREMENT,
  `name` varchar(255) COLLATE utf8_unicode_ci DEFAULT NULL,
  `cuisine_type` enum('russian','european','georgian','japanese','chinese','mexican','other') COLLATE utf8_unicode_ci DEFAULT NULL,
  `created_at` datetime DEFAULT current_timestamp(),
  `updated_at` datetime DEFAULT current_timestamp() ON UPDATE current_timestamp(),
  PRIMARY KEY (`id`),
  KEY `restaurants_name_idx` (`name`),
  KEY `restaurants_cuisine_idx` (`cuisine_type`)
) ENGINE=InnoDB AUTO_INCREMENT=21 DEFAULT CHARSET=utf8 COLLATE=utf8_unicode_ci;

INSERT INTO `restaurants` VALUES ('1','neque','mexican','1971-12-25 10:51:22','1999-01-30 06:18:21'),
('2','qui','russian','2012-05-29 19:12:52','2002-11-28 12:56:51'),
('3','et','mexican','2020-05-03 06:14:28','1995-01-21 06:25:54'),
('4','unde','russian','2017-05-04 11:48:20','2018-07-30 19:11:19'),
('5','est','chinese','2005-06-28 23:20:57','1978-08-22 20:17:04'),
('6','at','russian','1972-05-04 13:03:14','1986-04-08 09:03:07'),
('7','minus','georgian','1983-01-05 18:58:16','1980-06-01 18:11:16'),
('8','officia','japanese','1985-09-10 07:09:30','2001-10-15 14:16:03'),
('9','voluptatem','european','1989-01-19 01:52:25','2011-08-02 05:48:22'),
('10','quis','georgian','1971-08-18 01:12:19','1971-05-05 07:52:37'),
('11','aut','european','2003-07-09 03:56:35','1991-07-18 02:07:36'),
('12','voluptas','japanese','2014-01-21 17:26:42','1982-01-05 12:05:55'),
('13','sed','georgian','1991-04-08 19:31:21','2017-01-17 12:36:14'),
('14','placeat','japanese','2012-09-04 10:07:58','1980-05-09 10:38:59'),
('15','aspernatur','russian','2005-07-31 13:53:11','1980-06-01 16:24:38'),
('16','ea','russian','1985-12-24 21:32:52','2013-10-31 09:28:40'),
('17','aut','chinese','1981-09-26 16:27:27','1982-12-13 03:05:17'),
('18','sed','mexican','2013-04-15 19:33:41','1973-04-30 13:38:52'),
('19','mollitia','other','1978-01-19 19:31:39','1990-06-03 19:25:35'),
('20','nulla','chinese','1979-06-30 04:53:21','1980-12-17 10:04:42'); 


DROP TABLE IF EXISTS `restaurants_menu`;
CREATE TABLE `restaurants_menu` (
  `id` bigint(20) unsigned NOT NULL AUTO_INCREMENT,
  `name` varchar(50) COLLATE utf8_unicode_ci NOT NULL,
  `description` mediumtext COLLATE utf8_unicode_ci DEFAULT NULL,
  `price` decimal(11,2) NOT NULL,
  `photo_id` bigint(20) unsigned NOT NULL,
  `menu_sections_id` bigint(20) unsigned NOT NULL,
  `restaurant_id` bigint(20) unsigned NOT NULL,
  `created_at` datetime DEFAULT current_timestamp(),
  `updated_at` datetime DEFAULT current_timestamp() ON UPDATE current_timestamp(),
  PRIMARY KEY (`id`),
  KEY `restaurant_id` (`restaurant_id`),
  KEY `photo_id` (`photo_id`),
  KEY `menu_sections_id` (`menu_sections_id`),
  KEY `menu_name_idx` (`name`),
  CONSTRAINT `restaurants_menu_ibfk_1` FOREIGN KEY (`restaurant_id`) REFERENCES `restaurants` (`id`),
  CONSTRAINT `restaurants_menu_ibfk_2` FOREIGN KEY (`photo_id`) REFERENCES `photos` (`id`),
  CONSTRAINT `restaurants_menu_ibfk_3` FOREIGN KEY (`menu_sections_id`) REFERENCES `menu_sections` (`id`)
) ENGINE=InnoDB AUTO_INCREMENT=301 DEFAULT CHARSET=utf8 COLLATE=utf8_unicode_ci;

INSERT INTO `restaurants_menu` VALUES ('1','nobis','Similique sed assumenda saepe aspernatur quod. Cum quae blanditiis repellat in. Recusandae doloremque quis quo voluptatem.','172939296.00','57','1','3','1979-08-31 17:25:00','1997-11-11 11:54:38'),
('2','omnis','Eligendi repellendus et voluptatibus illo sint doloremque et. Quia voluptas ratione qui voluptate exercitationem. Soluta repellendus autem in illum. Id facere rerum qui sunt voluptas perferendis voluptates. Quod vel praesentium dolores sit fugit quia dignissimos.','85478.82','94','5','18','1980-04-17 01:19:02','2007-05-19 09:50:38'),
('3','voluptate','Ex possimus cupiditate qui autem aut mollitia. Quos rerum et exercitationem deserunt inventore eum sed. Quia eos suscipit excepturi libero sequi.','5.34','21','5','2','2011-07-19 00:44:26','2007-02-10 13:18:08'),
('4','dolorem','Molestiae porro dicta perspiciatis sed aut nihil. Sed explicabo dolor consequatur voluptatum quo autem. Impedit excepturi consequatur placeat enim voluptatum rerum veniam sequi.','14272.86','36','5','18','2005-06-20 08:49:16','1996-02-07 23:32:17'),
('5','fugit','Laborum alias sit aliquid error rerum reprehenderit. Quo rem vel pariatur at. Voluptatem dolore iure explicabo commodi provident autem. Non autem cumque molestias sint.','587.49','67','5','10','1978-01-09 07:09:20','2003-04-17 17:44:19'),
('6','qui','Aut vero odio non molestiae. Ut voluptatem perferendis et excepturi recusandae nihil molestiae. Dolor veritatis fugit possimus dignissimos. Hic quas dolores ea unde.','12.50','87','1','13','2005-04-01 00:16:24','2008-12-09 09:27:37'),
('7','quibusdam','Pariatur earum tenetur ipsa nisi vero rerum adipisci iusto. Dolorem adipisci est voluptas aut voluptatibus commodi nisi.','27847.54','88','1','6','2009-09-13 00:42:07','1983-10-15 16:10:31'),
('8','rerum','Corrupti quae quis est autem aliquam enim. Fugiat non quidem et vero eos ea nam. Voluptate nihil repudiandae dolores est ea qui cum. Odit eius sint dolores distinctio qui.','13.00','36','2','16','1973-01-11 15:30:05','2006-04-14 08:14:59'),
('9','accusamus','Rerum quis dignissimos sit sit maxime iure. Sit sequi rem velit suscipit. Explicabo et accusamus aut et nulla corrupti consequatur.','0.00','72','4','9','2009-07-25 14:58:31','2014-09-14 07:09:53'),
('10','labore','Dolorum assumenda dignissimos adipisci officia culpa. Qui autem ducimus ut distinctio atque explicabo aperiam. Quisquam itaque non possimus dolorem. Similique soluta voluptatem dolor nihil adipisci.','691.00','69','3','10','1982-08-08 18:30:11','1992-07-22 19:47:52'),
('11','nihil','Neque dolore incidunt et eum amet quia. Aut possimus sunt architecto voluptatem eos inventore. Rem rerum est dolor.','20971565.78','68','1','12','2007-01-24 16:40:46','1985-02-04 08:44:05'),
('12','deleniti','Sit veniam id culpa saepe omnis. Quibusdam officiis molestiae deserunt odio asperiores. Eveniet iste sit harum voluptatem. Fugiat illum magni quas qui.','49905.00','79','1','11','1971-07-18 01:20:33','1973-07-10 22:19:14'),
('13','tempore','Sit accusantium debitis ut praesentium non aut sunt. Perferendis ratione vel ad ut vel. Ipsam id sint animi voluptas ex sapiente. Sunt minus cumque non eveniet doloribus consequatur voluptatem odit.','84877625.92','68','2','10','2008-05-28 20:23:53','2017-10-27 20:48:57'),
('14','et','Quis doloremque dignissimos alias nobis. Ut repudiandae reprehenderit laborum dolor deleniti aut. Quae expedita consequuntur velit exercitationem numquam totam facere.','1785.83','74','3','10','2010-03-27 03:55:54','1974-05-25 09:02:21'),
('15','necessitatibus','Veritatis et laudantium vero animi autem rerum ipsa. Molestiae soluta distinctio vero qui quas aperiam veritatis. Tenetur et fugit optio vitae.','63256.00','61','2','8','1976-05-14 09:52:21','1988-10-11 21:29:38'),
('16','atque','Ut in culpa veritatis ipsum unde et. Aut facere enim aperiam nihil est amet. Magni dignissimos nisi aut omnis quis neque sed pariatur.','7381650.83','10','1','8','2001-06-24 20:03:52','1997-12-19 12:53:34'),
('17','velit','Quia rem unde sunt non molestiae consequatur vel voluptatem. Voluptatibus illum recusandae iusto non doloribus odit illo.','0.00','74','5','11','2009-08-11 20:56:26','2020-04-13 01:41:31'),
('18','itaque','Magni delectus sunt qui explicabo eaque dolor debitis consequatur. Et tempora dolorum architecto reprehenderit. Pariatur eaque quam sit architecto non eos. Eos aut explicabo voluptas aut voluptatem sint est.','8.00','1','2','16','2006-01-02 21:39:12','2009-03-25 02:31:58'),
('19','autem','Accusantium voluptatem rerum cum odio itaque laboriosam delectus. Autem voluptatibus porro qui sit nostrum. Debitis ab cum voluptas sunt.','134099.94','81','1','8','1989-02-28 07:09:51','1976-06-20 04:30:54'),
('20','qui','Officiis cumque itaque asperiores reiciendis molestiae. Voluptas id voluptatem quibusdam quisquam. Pariatur neque iusto temporibus.','34963515.51','24','4','18','1981-08-07 19:23:44','1972-10-09 14:12:25'),
('21','sequi','Molestiae rerum dolorem et suscipit et officiis cum. Officiis qui voluptates cumque. Qui eius amet rerum labore.','0.78','71','3','20','1978-11-05 05:13:17','1974-05-01 16:07:17'),
('22','officia','Atque libero iusto quidem illo rerum. Nam qui voluptatem qui non quasi. Molestiae aliquid asperiores delectus laborum voluptatibus amet consequuntur. Ut qui consequatur ab praesentium odit corrupti autem nihil.','16.00','29','1','20','1973-08-24 10:03:44','1973-02-25 17:56:18'),
('23','adipisci','Magnam minima reprehenderit quo autem. Voluptatem et molestiae eius molestiae recusandae vero quis. Est pariatur dolorem minus consequatur voluptatibus quia. A voluptas saepe magni aliquid. Libero minus delectus tempora voluptatem blanditiis et.','6055179.58','80','5','4','2009-09-13 12:01:35','1994-04-01 10:29:21'),
('24','occaecati','Aliquam quos quos est laboriosam. Sapiente debitis voluptate qui doloribus quia ut quae. Deleniti quisquam quo libero inventore dolor at.','0.55','25','4','15','2017-06-05 14:07:10','1971-02-05 08:21:00'),
('25','exercitationem','Vel et repellendus eligendi voluptas nisi quo ut. Excepturi eum dolores nobis dolore. Fugiat reiciendis officia ducimus perspiciatis occaecati aperiam repellendus atque.','5321905.00','70','2','20','2014-11-25 17:31:47','1988-01-26 07:27:30'),
('26','suscipit','Voluptas ad aut aliquid ad dolor. Et commodi pariatur fugiat molestiae atque nihil quo. Est accusantium veniam dolorum voluptatem necessitatibus provident ea.','10361.60','7','2','2','1972-07-18 21:03:12','2008-04-29 05:24:36'),
('27','omnis','Autem praesentium suscipit accusantium commodi. Cum omnis in rerum laudantium.','22916632.85','44','1','1','2015-06-10 14:39:35','1988-09-09 04:28:14'),
('28','quia','Sit sint dignissimos accusantium corrupti exercitationem sed molestiae aliquam. Consequatur eveniet nam quis maiores earum optio vel minima. Quia est consequatur sit ipsum architecto. Quia adipisci saepe nulla et.','1153293.97','96','1','7','1981-02-05 05:51:38','1999-12-23 22:38:13'),
('29','exercitationem','Alias quidem ut sint. In earum eaque et pariatur tenetur odit qui. Autem id magnam itaque necessitatibus ex asperiores.','1.60','72','5','8','1980-08-18 22:04:51','1997-10-13 13:11:35'),
('30','molestias','Explicabo earum minus animi quisquam. Et sint modi hic enim excepturi. Sed culpa qui neque magni nam.','579130.73','11','1','3','1971-06-08 03:28:20','1982-04-16 11:50:48'),
('31','earum','Harum dolor ex non atque ut. Iste aut nobis molestias sequi excepturi enim. Ut error officiis rerum enim cum delectus. Esse debitis laudantium veniam et quia.','7.70','1','4','11','2012-10-13 06:20:45','1983-09-18 04:53:07'),
('32','dolor','Esse voluptatibus qui totam fugit ex voluptas vel. Magni eius temporibus eum iusto. Minus vel impedit qui voluptatum placeat.','22128.72','98','1','14','2019-08-25 02:52:03','1992-06-04 08:03:15'),
('33','soluta','Dicta earum harum voluptas et nisi id. Qui expedita ipsa illum nisi delectus. Neque ratione nisi in cupiditate. Qui doloribus ut recusandae sint.','0.00','95','5','12','2003-05-10 21:26:55','2010-01-23 18:55:27'),
('34','itaque','Minima ad et itaque temporibus facilis. Sint voluptatem hic sed earum. Ducimus recusandae dolorum consequatur optio quae amet.','0.00','13','1','4','1992-11-14 22:19:29','1977-02-04 05:15:02'),
('35','nihil','Totam modi harum dicta deleniti ipsa exercitationem debitis. Ad nemo veniam sapiente adipisci labore. Explicabo eaque ut minus et.','12.08','86','5','8','1983-11-06 05:34:34','2017-04-24 07:41:31'),
('36','sunt','Nihil magni dolorem et autem nemo. Vel rerum ea placeat qui debitis aliquid. Maxime aut facilis odit sed. Modi non et hic sed maxime aspernatur.','9337330.67','83','5','14','2008-05-01 17:23:10','2020-05-28 21:57:11'),
('37','cumque','Aperiam odit repudiandae nulla id tenetur. Et voluptas facere ullam ipsum officiis suscipit cumque quibusdam. Voluptatem ut facere qui est laboriosam dolorem aut. Tempore sit magni est et modi amet quo ducimus.','15082.37','88','2','15','1995-11-15 12:23:51','1982-03-23 21:53:48'),
('38','qui','Sit sed ab iusto. Illum quis a enim provident voluptatibus.','3184088.00','90','2','16','1989-07-25 10:48:33','2012-10-03 12:15:07'),
('39','odit','Quia accusamus aliquam dolorem voluptas suscipit sed facere. Dolor unde amet alias voluptatem. Dolores minus qui vel qui quasi ab quia.','6.57','24','5','13','2008-01-05 16:59:30','1976-12-04 05:23:39'),
('40','sint','Sit est quasi ad sed blanditiis. Fuga eum optio ad assumenda. Odio quaerat impedit expedita odio nihil sunt.','34293.00','61','1','15','1991-04-20 05:36:43','1983-01-11 12:23:28'),
('41','necessitatibus','Officiis quos possimus saepe aut excepturi dolorem dolore. Cupiditate et rem et est est. Ad accusamus molestias et recusandae veritatis dignissimos sed. Voluptatem unde neque qui.','451703226.94','71','1','11','1975-03-31 03:23:27','1973-03-14 08:14:34'),
('42','nesciunt','Quia corrupti in pariatur. Et sit laudantium quisquam quidem voluptas modi et. Tempore totam unde ipsam nobis. Non architecto dolorum itaque fugit quo qui accusamus illum.','1.07','22','1','13','2005-09-10 01:20:32','2003-06-28 07:16:50'),
('43','eligendi','Animi rem harum aut dolorem vero. Laudantium nulla laboriosam ea facilis est. Vitae voluptatem atque eius dolores est. Quod et accusantium maiores adipisci architecto est quia. Qui laboriosam vel sunt et dolores maxime.','4288.00','91','1','10','1996-11-05 20:50:43','1981-06-18 19:52:51'),
('44','tenetur','Omnis non qui recusandae quod labore. Est beatae corrupti reprehenderit quasi ut neque ut. Ipsa quia aut ut sequi sed. Error tempora facere veniam dolores.','7.00','47','1','13','2020-02-09 20:12:07','1977-12-06 10:11:58'),
('45','sequi','Ea aliquam saepe labore laboriosam. Tenetur labore enim culpa. Ad est mollitia quos molestiae et.','4756223.53','64','1','9','2006-03-28 11:50:44','1988-06-24 03:20:07'),
('46','non','Eius sit beatae soluta. Consequatur est ipsam laudantium et doloribus in. Voluptas quia consequatur delectus non corporis accusamus rerum. Amet ipsam voluptas quia mollitia magnam.','861.00','2','5','7','1976-10-24 11:10:33','2008-08-14 08:42:23'),
('47','quam','Numquam et esse unde. Consectetur nisi qui sit deserunt. In totam quaerat enim rerum et amet ea. Omnis itaque repellendus non doloremque.','292087.00','72','4','13','2002-04-12 16:12:23','1981-08-13 04:27:45'),
('48','fuga','Quo rerum non rerum praesentium modi. Quasi aliquid aut exercitationem aperiam placeat consectetur. Numquam voluptates quasi aut voluptatem dolores nostrum beatae atque.','294338.55','45','3','18','1981-08-07 18:29:45','1973-11-22 01:15:12'),
('49','tenetur','Voluptas omnis architecto libero esse molestias voluptate. Assumenda quod non sit ab id minima ducimus dolores. Dicta voluptatum quis quo praesentium optio et. Consequuntur ipsum blanditiis maiores.','0.00','24','5','18','2013-03-30 04:21:09','1991-08-08 01:04:00'),
('50','voluptate','Quia ratione ipsam culpa totam optio. Enim assumenda ea voluptatem ut voluptates exercitationem. Architecto quia non quidem ipsum qui qui vel.','21409422.69','88','3','20','1971-01-17 15:07:27','1981-06-29 08:15:44'),
('51','eius','Doloribus ex qui est magnam necessitatibus molestias. Esse est error ex. Distinctio aspernatur architecto alias molestiae omnis sed sint reprehenderit. Similique ut nihil in nisi fugit. Et non occaecati a velit est maiores.','0.63','61','1','2','2020-06-11 20:51:30','1981-09-12 14:22:08'),
('52','sint','Doloremque incidunt omnis et consectetur. Qui quod omnis similique amet nulla sed vero. Velit rerum beatae error quis eligendi possimus rerum voluptas.','117745976.20','13','2','4','1987-03-20 11:41:22','2000-12-29 10:16:30'),
('53','consequuntur','Mollitia occaecati qui molestiae deserunt ad odio libero unde. Enim in architecto minima dolore assumenda voluptatem. Quo odio sint soluta eos.','6509686.50','73','2','4','2008-12-23 16:21:31','1973-07-06 00:19:40'),
('54','iusto','Incidunt quo possimus sed est. Voluptates sint dolorum ut velit. Tempora est non repudiandae aut hic nesciunt. Quos sit praesentium occaecati.','326.77','21','4','7','2008-10-28 03:48:22','1999-09-07 04:05:56'),
('55','velit','Natus et molestiae quos accusamus dolorem quo. Aut et debitis veritatis quis id itaque. Fuga aspernatur quia et natus perferendis ducimus quia. Ea ea earum at saepe culpa nisi voluptate.','69338126.27','81','2','7','1978-08-30 14:37:32','2005-07-27 08:56:18'),
('56','ipsum','Laborum dolores qui quis laborum. Nobis libero sed asperiores. Est aut vero minima qui ad ut quod.','174522.61','23','2','4','2001-10-06 03:36:04','1985-06-28 05:13:50'),
('57','hic','Consequatur iusto natus voluptatem esse natus. Voluptate cumque rem sapiente corrupti in et. Non at laboriosam voluptatem.','636811.36','54','1','18','2015-01-16 03:12:07','1993-06-14 23:31:13'),
('58','architecto','Placeat enim sapiente numquam ut nesciunt enim fugiat. Quia sunt dignissimos est iste architecto. Sunt est ut et ut soluta est.','271.30','16','3','10','1972-10-25 02:46:26','1972-11-26 01:20:38'),
('59','enim','Nulla odit dolores est doloremque et suscipit facilis. Natus voluptas architecto nihil aut quia. Quae sit laborum dolores repellendus nihil.','23401.19','5','4','6','2012-03-18 13:41:40','2014-12-21 11:49:54'),
('60','enim','Ut quia velit totam. Quae quasi quia quos molestiae quia qui. Et doloremque reprehenderit quo maxime. Ut quasi sint quas eveniet explicabo numquam.','9439135.92','93','4','15','2010-08-24 00:49:06','1971-06-27 20:38:06'),
('61','quisquam','In alias dolore incidunt itaque. Cupiditate minima facilis molestiae rem. Totam itaque exercitationem aut maxime.','1875.79','91','2','18','1978-01-19 04:47:36','2019-05-30 04:00:42'),
('62','vitae','Error dolor a ut distinctio ut aut. Numquam fugit consequuntur velit explicabo et et. Exercitationem quam autem repellendus.','218.98','99','2','5','1999-06-13 01:33:03','2007-06-12 05:09:20'),
('63','enim','Aut similique sint vitae laudantium. Tempora modi est et qui aut ad et. Reiciendis eos in incidunt error. Dolorum velit natus ullam voluptas et illo alias.','31975.89','15','1','10','2017-07-05 16:03:34','1984-08-13 13:02:03'),
('64','iusto','Distinctio excepturi sed dolorum voluptas aut sit. Occaecati voluptate et nulla. Possimus doloribus non harum recusandae maiores voluptatem id.','0.00','34','2','4','1984-01-18 17:55:27','2013-09-21 15:02:01'),
('65','et','Deleniti dignissimos fugiat nostrum aut voluptas cupiditate. Id error corporis ut dicta sequi et. Modi sit sed quia voluptates.','8.50','66','1','11','1988-05-01 03:07:58','2010-08-16 23:48:27'),
('66','tempora','Vitae molestiae rerum totam minima rerum temporibus deleniti. Distinctio sunt vitae voluptatem quos illum molestiae.','6176347.71','99','2','19','1976-03-17 15:58:55','1986-07-16 06:42:30'),
('67','architecto','Et enim non commodi ut. A tempore dolor voluptas magnam dolores non. Quia nam voluptatem quia ipsam sint aliquam deleniti voluptatibus. Voluptatem quod ut est sit qui aperiam.','1488.39','15','5','20','2014-03-22 02:15:29','1992-03-24 19:52:31'),
('68','suscipit','Ea non ut asperiores omnis eos dolorem. Et neque cumque deleniti eos corporis. Rerum nesciunt praesentium ad officiis corrupti quis. Quia incidunt blanditiis deleniti fuga.','3820.49','1','1','11','2009-10-08 09:21:56','2008-07-26 00:51:23'),
('69','vel','Ea neque doloremque voluptate qui dolorum. Quaerat aut voluptates et fugiat qui earum. Praesentium eum explicabo voluptas nesciunt provident. Consectetur laborum temporibus aut qui aut.','9065.00','46','1','6','2003-11-06 09:57:28','1982-10-09 02:15:18'),
('70','quis','Cum voluptatum deserunt sed voluptatem. Ad nisi ipsum quod sit enim deleniti qui tenetur. Id dolor ab laborum et laboriosam est beatae quos.','697883.22','74','5','19','2001-08-17 17:36:31','1981-05-20 01:19:29'),
('71','ratione','Eaque autem quia sed consequatur eos. Provident exercitationem nobis vel ut rerum ut expedita. Quo enim est laborum doloremque et. Accusantium aut reprehenderit veniam blanditiis sit autem explicabo aut.','5.90','45','5','4','2000-10-14 19:32:27','2009-05-13 14:21:11'),
('72','voluptatem','Eos voluptatum mollitia in et modi sed. Qui sunt similique quia. Optio impedit voluptatem maiores non.','21.93','30','5','11','2000-11-15 14:23:47','1973-07-16 00:00:30'),
('73','id','Nisi quibusdam expedita ipsam a eum eum. Aut pariatur odio laudantium qui. Praesentium ut ut commodi impedit.','34583.88','51','1','13','2002-06-28 03:46:02','1988-11-08 20:15:43'),
('74','qui','Quis dolor veniam eaque inventore recusandae ab. Laudantium autem aut eligendi. Aspernatur assumenda quam a eius qui sint temporibus. Voluptatem vel accusamus voluptatum voluptas excepturi. Nisi ut sit natus aut est cupiditate eum ut.','0.00','97','2','19','2010-11-17 19:28:51','2010-11-04 06:25:30'),
('75','ut','Cumque ut iste dignissimos incidunt aut. Voluptas quo qui similique ex qui veritatis et. Itaque error aut est repudiandae nihil non. Autem velit nobis labore facilis eveniet tempore labore.','508.80','16','1','1','1998-07-31 11:01:32','1992-08-02 03:25:52'),
('76','nesciunt','Quidem qui quia voluptatem aperiam. Nostrum in fugiat nisi cupiditate est. Voluptas delectus facilis nihil excepturi quo asperiores.','307.39','70','5','7','2017-05-09 19:31:27','2014-11-08 23:30:27'),
('77','quia','Placeat eum adipisci sint. Sequi unde non sint sapiente. Dolorum est veniam amet magnam omnis quis.','407585873.65','61','1','4','1990-04-17 14:05:57','1997-04-25 17:05:52'),
('78','amet','Totam suscipit veritatis asperiores voluptatem maiores repellat. Perspiciatis saepe esse eos ab ab laudantium maiores. Non facere eaque corporis magni. Facere tempora et sunt error neque aliquam. Rem id distinctio incidunt.','187275.14','61','1','5','1971-08-21 12:02:40','1976-10-01 05:14:40'),
('79','voluptatem','Qui minima perferendis sed ad explicabo. Qui ut adipisci necessitatibus sit dolores. Odit laudantium similique beatae quis natus et.','18346774.82','13','4','6','1972-05-11 04:59:00','1978-07-25 09:36:59'),
('80','cum','Voluptas qui fuga voluptatem quia. Nisi et eaque vel veniam.','21357753.10','42','2','6','2011-08-05 10:05:22','1986-03-09 16:09:29'),
('81','incidunt','Est qui molestiae doloremque alias sint laboriosam. Repellendus molestiae et inventore fuga nobis pariatur laborum. Totam dolor qui illo aliquam non neque. Occaecati illum voluptatum voluptatem facilis qui.','3255.98','34','4','3','1985-11-23 07:01:15','2008-08-31 17:12:32'),
('82','quasi','Sapiente voluptatibus dolorem eum voluptas eum tempore autem odit. Explicabo fugiat corporis a ea eum architecto quam. Facere ea itaque pariatur quia.','16908415.05','49','1','1','2013-08-12 12:45:52','1975-09-30 01:29:32'),
('83','quibusdam','Earum minus dolor qui et iusto placeat necessitatibus. Sequi possimus eum fugiat. Et et dolor dolorum facilis quo vitae. Quam sit aliquid exercitationem doloribus dolores.','601222.10','1','3','1','2012-03-08 15:40:06','2018-08-22 10:45:58'),
('84','harum','Quas a provident in. Dolores eveniet illum cumque non eos omnis. Non ipsum recusandae dolorum vero. Neque quam odio reprehenderit quo cumque.','4695.56','62','3','8','1975-02-14 13:00:27','1985-11-16 20:19:24'),
('85','eum','Rerum voluptatum nulla quod nulla eos. Dolore quod est ut cum quas. Exercitationem sit laudantium aperiam nam quibusdam. Repellendus consequatur neque rerum consequuntur non esse.','421244717.74','52','4','8','1983-05-03 20:19:22','1981-10-09 05:48:10'),
('86','quibusdam','Voluptatem quam voluptas quia officiis sequi et impedit id. Excepturi et culpa non.','386042.26','52','2','8','2006-12-18 20:01:31','1986-06-29 22:50:54'),
('87','dolor','Quo occaecati ratione quia dolorem illum eos aut. Quia quis exercitationem est laudantium harum velit reiciendis. Fugiat sunt quo sunt fugit similique. Beatae consequatur rerum rerum ducimus.','1.58','85','1','11','2009-10-12 08:03:54','2019-11-11 21:08:02'),
('88','est','Quam soluta quae id quia voluptatem. Assumenda voluptatem rerum sunt cum corporis totam. Quod et nulla inventore.','15.66','5','4','14','2016-03-10 02:14:58','2009-02-17 23:20:40'),
('89','consequatur','Rerum dolorem est cum nostrum et ut quos. Quos a illo eius cumque earum deserunt incidunt.','4343312.94','26','4','6','2001-03-28 20:34:53','1988-08-17 20:42:30'),
('90','quibusdam','Rerum officiis eum eum unde. Fugiat earum ut excepturi reprehenderit sint quisquam.','2.67','53','1','13','2010-12-18 01:13:08','2003-11-16 23:10:35'),
('91','eos','Ipsam sit odit quae atque eligendi. Laboriosam beatae voluptatem neque. Quod rerum necessitatibus et cumque perspiciatis enim nam.','376750.12','78','3','8','1977-09-05 09:15:37','1997-04-12 19:57:52'),
('92','cupiditate','Velit est nam aperiam error similique. Atque quisquam eius nemo. Quibusdam quia ullam est mollitia.','528.80','92','5','10','2002-09-10 11:19:19','2000-05-31 23:57:25'),
('93','vero','Distinctio magni tenetur a. A corrupti voluptatibus nostrum aut dolores minus deserunt et. Quasi doloribus eligendi asperiores earum fugiat. Et sit porro totam et.','5640145.54','93','5','1','1972-05-16 04:33:14','1974-04-20 04:33:19'),
('94','in','Optio eaque exercitationem deserunt soluta optio quas est. Iure qui beatae accusamus repellendus pariatur deleniti.','0.00','97','3','12','1997-11-15 17:08:36','1993-11-16 13:35:34'),
('95','eos','Aut ut nihil aut. Commodi vitae non sit molestiae ut reiciendis. Et non ut magni rerum beatae doloribus. Aperiam quis repudiandae cupiditate veritatis sint.','27755908.10','35','1','6','1992-03-02 12:17:03','2004-11-10 10:50:12'),
('96','ab','Consequatur labore repellendus et quia sed veniam. Dolorem unde enim est. Laborum est laborum sed est nihil quibusdam et id. Cumque similique natus facilis omnis in aut molestiae.','594.96','75','4','14','2001-04-02 15:45:52','1993-06-24 03:06:02'),
('97','occaecati','Id dolorem est et nulla. Delectus autem occaecati consequatur neque non et. Aut consequuntur aut corrupti. Id totam atque et natus.','256001231.06','14','3','14','2002-03-04 08:27:52','2017-04-10 05:37:03'),
('98','sed','Exercitationem sint cum voluptate dolorem dolor. Libero earum qui a molestiae omnis nam rerum. Quis adipisci dolores tenetur provident repudiandae dolorem.','1.61','68','3','7','1996-04-22 06:32:21','2006-03-18 14:39:40'),
('99','velit','Ut et qui sint nulla neque. Consequatur consequatur quo dolor quae. Velit sint et molestiae assumenda quia. Officia et fugit quisquam numquam id enim.','307.30','36','4','1','1979-06-04 00:21:49','2004-08-24 14:22:04'),
('100','adipisci','Eos libero vel reprehenderit optio qui. Et est perferendis odit minus. Optio et ducimus quisquam dolores.','3.42','65','2','4','1981-10-11 22:04:30','1977-03-31 20:50:06'),
('101','dolores','Voluptatem dolorem quidem corrupti consequuntur blanditiis culpa quam. Inventore quo aut error aliquid veniam deleniti libero. Ullam fuga aut illo aut odit aspernatur unde.','0.00','27','1','14','2009-09-16 10:03:38','1994-07-20 20:56:56'),
('102','rerum','Enim velit molestiae porro non ut doloremque. Optio beatae deserunt aut sint eum. Labore sit explicabo aut quia id ducimus. Quia quis praesentium nihil.','9570.00','66','5','13','1983-02-01 06:53:29','1973-05-07 14:55:03'),
('103','architecto','Ut quam hic facilis quod. Ullam nihil quis impedit consectetur. Repellat doloribus possimus explicabo et veritatis tempora.','1.11','13','5','13','1970-06-01 23:31:18','2019-09-28 18:53:02'),
('104','ipsum','Voluptatum corrupti tenetur sint nulla voluptate sit. Reiciendis magni eum laudantium facilis mollitia optio. Non quia accusantium deleniti molestiae velit maiores. Similique recusandae qui aperiam facere quis expedita.','16156.63','17','5','5','1998-06-06 04:07:22','1988-08-08 07:17:25'),
('105','excepturi','Sit cum et fugit eaque voluptatem mollitia. Sequi corrupti laudantium assumenda tempora. Autem temporibus est in alias quod. Illo vero laborum reiciendis facilis reprehenderit natus laborum.','3231.00','77','2','7','2005-12-21 00:33:27','1999-06-24 04:31:29'),
('106','numquam','Repellendus dicta velit quibusdam animi. Totam ea possimus sit eveniet omnis aliquid nesciunt. Aspernatur consequatur quo eaque minima quo porro ad ut.','424562.57','7','5','19','2019-12-27 13:40:43','1986-02-14 19:00:26'),
('107','qui','Natus est necessitatibus sed accusantium culpa. Quis sit nihil ut nisi quis qui. Et minus aut est eum. Omnis ut ut et magnam et. Non corrupti aperiam corrupti nobis aut corrupti.','0.00','76','1','8','1993-04-10 05:32:42','2012-11-21 22:06:23'),
('108','totam','Et natus aut sed accusantium. Omnis repellendus itaque omnis doloremque dolorem dolores iste voluptas. Recusandae vel occaecati sunt molestiae adipisci quia aliquid.','245.49','45','4','18','1986-02-27 11:54:05','1977-12-04 01:29:02'),
('109','quas','Provident ipsa ad incidunt asperiores. Dolorum sed aliquid ullam vitae. Dolorem culpa doloremque repellendus quia quis. Velit alias sed consequatur officiis quae quia sed.','28040.23','75','1','14','1992-09-26 17:18:07','2009-09-03 23:52:11'),
('110','voluptatem','Inventore explicabo quo soluta similique explicabo. Ut rerum aut rerum saepe. Quia expedita voluptatibus doloribus est eius. Velit sit dolorum vero. Accusantium voluptatem odit quo.','14687935.17','79','4','19','2002-02-24 22:16:51','2000-05-07 19:12:55'),
('111','consectetur','Dolorem et eos numquam incidunt dolores. Qui nemo minus omnis voluptatum ut quam. Ullam explicabo et asperiores non.','15456.00','97','1','20','1981-11-13 19:58:21','2000-11-10 05:04:47'),
('112','dolorem','Molestiae itaque error optio nihil asperiores. Et quam quia suscipit velit. Accusantium vel est unde rerum inventore.','3.70','63','4','20','2006-08-01 21:11:33','2014-08-27 03:47:32'),
('113','quis','Impedit deserunt a molestiae eligendi eos et et iure. Sit molestiae dicta id architecto nemo sint. Aut sit asperiores exercitationem velit. Rem quibusdam aut itaque voluptatem non.','741.00','27','5','18','2010-03-25 17:36:50','2018-08-07 02:45:42'),
('114','quam','Enim repellendus ex quae. Voluptatem voluptate distinctio rerum est laboriosam blanditiis est dolor. Facere placeat est nam est numquam.','298061.00','88','5','16','2008-02-29 08:36:10','1983-12-29 02:07:56'),
('115','fugiat','Iusto veniam ea repellat deserunt. Quos quia cumque dolorem a minima ipsam sed aliquam.','0.00','8','4','20','1989-09-12 00:23:07','2000-01-04 20:44:56'),
('116','sapiente','Id error iure excepturi rerum soluta nesciunt tempora perspiciatis. Aliquid numquam vel vitae nesciunt. Rerum porro tempora maxime molestias. Molestiae aut mollitia nobis odit quisquam.','23.21','38','5','19','1998-08-23 23:10:14','1990-01-30 18:15:46'),
('117','consequuntur','Explicabo vero molestias rerum maxime ut. Velit enim et id nulla nihil. Quasi voluptate aut totam et.','562502.81','30','3','1','1989-01-17 05:43:06','1990-05-20 18:19:17'),
('118','est','Iure voluptas eius et dolore rerum commodi officia. Ratione dolor aspernatur est minima at velit. Autem magnam possimus omnis. Et impedit voluptatem voluptatem et incidunt. Labore quidem quam id vitae ratione ex.','0.00','68','1','16','1983-06-07 06:42:55','1996-02-21 11:54:59'),
('119','laudantium','Nesciunt eveniet non assumenda est beatae amet repudiandae. Ut ratione magni ipsa nihil consequatur et. Quas voluptas possimus vitae rem iusto sint. Placeat sed voluptatibus tempore laboriosam veritatis asperiores sunt.','1416762.61','57','4','19','1988-11-24 18:44:53','2007-05-03 04:51:10'),
('120','corrupti','Rerum beatae nihil eaque porro aperiam. Ipsam impedit consequuntur et laudantium explicabo.','739.30','22','3','14','1973-05-31 00:45:18','2010-01-18 01:57:43'),
('121','dolorem','Cum corrupti nisi unde rerum. Cumque et est cumque. Error aut minus libero ad eaque quas omnis.','13.00','16','3','15','1987-01-27 12:04:46','2012-05-08 19:49:47'),
('122','ipsa','Voluptate similique molestias animi consectetur dolores. Hic sequi consequatur ut aperiam quasi sunt quibusdam. Eos necessitatibus sint nihil fuga perspiciatis cum et minima. Illum vero quia a voluptatem suscipit molestias rerum.','136.31','16','1','9','1981-08-29 10:08:37','2002-11-23 23:55:35'),
('123','natus','Ullam molestias eius qui explicabo voluptatem tenetur. Consectetur neque ut quaerat ut quidem vitae.','1461.45','13','2','5','1983-07-05 09:53:13','1998-04-06 06:42:10'),
('124','impedit','Minima ipsum ex et assumenda est temporibus. Qui officiis totam et enim. Odit veritatis reprehenderit nemo nostrum.','943.47','2','2','5','1987-06-02 07:12:02','2014-11-19 21:42:24'),
('125','quia','Voluptatem unde dolore qui et incidunt. Nobis odit expedita voluptates voluptatem assumenda enim beatae. Temporibus in incidunt omnis quasi quis autem cumque. Aut earum quasi error dolores non quos id.','1.93','77','2','20','2007-03-16 23:02:30','1980-04-04 18:55:18'),
('126','sit','Dolor sit odit dolores amet vero quam. Numquam non officia est reiciendis. Illo est quae sequi qui repudiandae non.','31.47','74','4','16','2013-03-27 20:08:04','1973-02-08 10:37:29'),
('127','provident','Numquam rem reiciendis non enim ad distinctio. Quibusdam ea et tempora est perspiciatis non. Omnis eius hic quia. Enim voluptatibus inventore et nisi.','2.06','67','1','7','1996-12-18 10:22:25','2017-02-28 09:30:44'),
('128','delectus','Voluptatum ut enim ad odit dolores sit. Eaque ab consequatur id. Natus et ut omnis ut aperiam. Odit consectetur voluptate ullam necessitatibus deserunt nihil id. Ea velit nesciunt sit voluptas quis hic.','282913842.40','70','4','7','1993-05-07 21:30:05','1991-01-24 02:43:09'),
('129','illum','Repellendus molestias natus doloribus. Eum ipsa esse molestiae qui quis saepe. Ullam sed corporis placeat vero dolores.','130554.00','50','2','2','1988-10-29 06:52:17','1992-02-17 15:32:28'),
('130','nisi','Dolor voluptate illo quae omnis aut et ut. Quis inventore earum facere eum modi ad rem quia. Eum eaque temporibus ipsa natus.','548.63','42','3','13','1998-02-23 07:28:56','1983-08-02 04:09:51'),
('131','quidem','Asperiores laudantium omnis totam esse nobis maiores eos. Ipsum velit quia vel. Ut soluta doloribus quaerat provident quo incidunt.','976286.71','12','4','3','2000-04-10 13:50:06','1992-03-08 03:37:19'),
('132','et','Laudantium itaque et incidunt sed culpa blanditiis alias. Enim blanditiis similique sunt sint. Minus molestiae explicabo est consequatur cumque corporis et. Pariatur minima voluptatem consequatur deleniti consequatur ut quam.','97563.50','85','4','5','2020-06-01 13:53:32','2012-06-10 13:10:19'),
('133','accusamus','Eligendi dolores nemo at. Consequatur vel nam doloribus eum nihil.','923444.81','27','5','13','1993-06-15 09:18:29','2009-05-17 00:26:39'),
('134','sed','Dicta deleniti quisquam earum ad. Aut id quasi aut quos optio quia laboriosam. In modi consequatur explicabo recusandae ut in.','387.81','49','5','18','2008-01-16 00:05:38','2007-01-18 01:14:08'),
('135','est','Quo qui voluptatem voluptatem autem et. Est et id qui impedit. Commodi fugiat non ullam cupiditate fuga dolor. Modi pariatur ab mollitia doloremque eum non qui dicta. Doloremque et ut sit.','257910.34','70','4','5','1997-04-29 08:38:48','1975-12-24 07:31:13'),
('136','porro','Nisi eligendi eligendi cumque necessitatibus et totam. Molestiae unde est mollitia soluta rerum iusto autem. Sint dolorem magnam earum sed ad quidem nesciunt.','7.30','66','2','19','1988-06-29 23:31:42','1990-11-11 02:44:24'),
('137','est','Est qui ut debitis alias et perspiciatis. Qui rerum quae rerum quia id. Tempora facere reiciendis perspiciatis ut omnis assumenda.','1407206.88','42','1','19','2006-10-26 01:20:20','1983-05-23 03:06:12'),
('138','nihil','Expedita ullam consequuntur in error est nulla. Sequi cum culpa aut consectetur et fugiat. Iste quisquam ratione vel nostrum id. Quia rerum aut ut voluptatem.','887001.00','74','4','13','2002-11-20 20:42:23','1996-02-22 16:46:21'),
('139','aut','Veritatis quisquam rerum consequuntur qui placeat vitae maiores. Aut qui eveniet esse. Ut nostrum ut quae illum ea natus non. Qui et quis perspiciatis quos sit nisi quis.','20511.34','6','2','18','2009-10-11 04:35:52','2011-03-20 06:46:07'),
('140','eligendi','Laboriosam sunt distinctio et voluptas. Quo rerum soluta eum at voluptas in. Similique maiores rerum a saepe pariatur maxime excepturi. Quas consectetur dolorem ad qui aut.','1753046.58','14','4','7','1976-06-05 21:38:50','1997-12-24 10:11:48'),
('141','iure','Et adipisci ut molestias reprehenderit rem ut. Alias fuga blanditiis quis aspernatur aut ut eligendi quae. Incidunt perspiciatis et totam illum mollitia minus accusantium soluta. Maiores animi repellat voluptatem aut explicabo.','11974.66','76','4','19','1984-10-14 09:03:26','2010-11-29 21:04:11'),
('142','rem','Ut voluptatem tenetur rerum alias et. Accusantium beatae sed voluptas natus accusantium soluta. Nobis consectetur nobis dignissimos eum delectus ut sequi.','38702.71','88','4','14','2009-10-28 19:13:46','2007-09-16 01:49:53'),
('143','esse','Quibusdam id libero officia consequatur doloribus. Aut non alias ullam veniam omnis non iste. Reiciendis cum et soluta esse.','3678026.58','12','5','11','1976-04-22 10:05:37','2008-09-28 16:14:23'),
('144','molestiae','Vitae est dignissimos culpa quo. Nesciunt facilis sit repudiandae omnis impedit. Distinctio corporis explicabo qui voluptatem non quas sunt.','25836.06','76','2','9','1995-09-19 10:26:20','1973-07-05 05:42:28'),
('145','culpa','Porro amet eius deleniti inventore labore. Consequatur vel facilis libero possimus voluptatem voluptatem quo eum. Ipsa cum aut sapiente sit. Non odit ea enim ut fugit adipisci.','9.60','65','1','2','1989-02-21 23:01:08','1980-01-01 07:34:11'),
('146','accusantium','Neque sint occaecati non assumenda nihil. Dicta corrupti dolorem et eaque. Ipsa corporis aut temporibus expedita ea.','21.70','88','4','10','2008-03-27 05:47:12','1984-10-20 12:28:06'),
('147','nesciunt','Tenetur numquam reprehenderit fugiat ut. Beatae veritatis ut aspernatur. Velit non sit repellendus molestias doloremque nisi.','0.10','83','1','11','2012-09-26 02:47:04','2006-05-18 10:39:53'),
('148','dicta','Nobis molestias esse odio dolores nisi. Nesciunt molestias blanditiis dolores consequatur. Nisi iste deserunt molestiae dolorum nobis neque. In aliquid non ut id error qui fuga.','147.02','78','5','6','1983-02-28 04:03:53','2016-11-23 12:19:53'),
('149','est','Quaerat nihil et molestiae at. Vel eos rem est. Id deleniti similique inventore iure. Fugiat reiciendis dicta doloribus ducimus suscipit.','315296.51','40','5','11','2019-06-18 10:30:31','1982-06-04 05:03:26'),
('150','fuga','Officiis nesciunt et nisi animi ut. Quia atque possimus aut rerum atque. Voluptatum accusamus pariatur quia ullam voluptatem totam enim. Possimus laboriosam voluptas blanditiis qui qui.','40.75','26','1','4','2020-05-17 16:00:02','1987-07-12 13:59:13'),
('151','dignissimos','Delectus ad ut id consequatur aperiam. Quae quis vel facilis maiores facilis sed aliquam. Earum ipsam doloremque soluta reiciendis. Iure dolores repellat voluptas ullam consectetur fuga.','3.25','58','5','19','1986-04-26 23:19:39','2014-07-22 04:28:32'),
('152','quibusdam','Dignissimos et dolorum tempore. Omnis nostrum quaerat qui aperiam aspernatur.','987.11','49','4','11','2005-12-30 22:39:19','1974-06-28 07:23:55'),
('153','qui','Eius alias voluptatem omnis qui iure. Eum tempora et recusandae eaque et. Quibusdam quia aperiam voluptas quo aut eligendi officia.','1342.50','16','4','9','1980-06-23 02:13:47','2008-06-05 19:41:08'),
('154','neque','Ullam tempora et aut quo sequi ut. Provident sit in natus amet nobis iusto. Sunt rerum fuga sunt quibusdam modi.','2.00','70','3','16','2015-11-09 08:20:01','1997-10-06 21:44:08'),
('155','et','Voluptatem sit consectetur eaque. Pariatur laboriosam natus eveniet maxime qui ad. Quis iste exercitationem molestias aut molestiae nam qui alias. Alias voluptates enim aut omnis aliquid aut.','0.00','14','1','17','2006-06-05 08:05:55','2016-09-17 05:58:40'),
('156','error','Sunt nostrum voluptatem dolore voluptas commodi aut repellendus. Sit quas voluptatem aut cupiditate non corrupti est. Magni enim adipisci repudiandae est unde labore. Non ea quod nihil enim consequatur sint dolorem sit.','89.49','23','1','11','1975-05-27 02:28:41','2011-11-09 02:47:50'),
('157','vitae','Asperiores quia ut sit maiores expedita qui in. Tempora adipisci velit incidunt et quia. Labore unde dolor expedita officia maiores vitae.','35131451.62','72','5','14','1996-06-27 09:39:23','1977-08-10 22:44:12'),
('158','omnis','Excepturi ratione beatae reprehenderit earum sit molestias. Et similique sit laboriosam. Eos in quo explicabo cum itaque iusto aut. Nesciunt officiis suscipit accusantium qui autem.','404.50','25','4','11','1983-12-22 05:24:21','2002-06-14 20:08:01'),
('159','aut','Officiis quo ut ex in architecto delectus. Est et expedita blanditiis esse ex modi. Sit consequatur ut incidunt nostrum modi facere cum. Voluptatem ducimus et eum exercitationem. Dignissimos omnis assumenda ut est aut vel voluptatibus consequatur.','858066.47','53','1','9','2004-01-25 01:18:59','2013-03-03 21:38:05'),
('160','rem','Delectus quos culpa delectus enim. Non corporis optio ipsam minus. Et ad ut et enim vero voluptatem impedit dolores.','864.90','4','2','10','1975-12-11 06:01:01','2016-03-25 10:42:13'),
('161','nulla','Libero eveniet et voluptas quis corrupti harum. Ut ullam voluptas eum perspiciatis accusamus. Hic est rem consectetur aspernatur perferendis. Error culpa aliquid eos laboriosam nihil officiis. Numquam et aut sapiente consequatur.','3768848.52','21','5','6','2019-12-01 06:13:27','2016-02-24 07:58:49'),
('162','ex','Vel consequatur sed veniam debitis. Ut nostrum qui quo quia laudantium. Numquam possimus eligendi qui ipsa vel quos.','0.33','14','2','20','1980-11-05 21:55:00','1975-04-08 23:13:10'),
('163','maiores','Vel sed recusandae est ea beatae. Ratione vitae saepe excepturi dicta vel.','1150487.73','69','3','16','1971-02-13 05:17:04','2014-12-30 16:51:00'),
('164','et','Aut modi molestias libero. Sit laudantium dignissimos dolorum quod nisi. Sequi mollitia est est nisi mollitia. Aut autem a asperiores maxime illo voluptatem.','9856.00','10','2','7','1987-03-10 09:14:56','1986-07-22 00:58:06'),
('165','non','Maiores delectus rem sed rerum qui animi fugit explicabo. Vel cumque quaerat autem ut. Voluptas explicabo voluptas et quaerat.','224165.56','87','2','10','1988-08-09 01:28:25','2005-10-22 16:33:54'),
('166','necessitatibus','Ea officiis dolores cupiditate tempora. Vitae fugit nihil magni dolor quia ab. Repellendus accusamus eum quas est aliquid placeat. A doloremque ipsum numquam voluptates perspiciatis asperiores magnam.','44721272.00','70','4','12','2000-07-07 06:27:44','1981-04-22 11:26:49'),
('167','culpa','Ut quo rerum impedit reprehenderit. Id sed iste sequi sed veritatis exercitationem est sit. Qui voluptatem voluptas corporis distinctio.','43.00','24','2','10','2006-11-17 23:31:10','1995-02-19 01:00:33'),
('168','consequatur','Sint eveniet adipisci quo debitis sint et numquam occaecati. Id eveniet odit voluptas. Aut voluptatem veniam aut in amet. Sed accusantium beatae vero placeat.','1682237.79','90','3','3','2011-01-23 00:00:07','2006-01-14 10:10:47'),
('169','hic','Nulla aspernatur maxime at voluptates atque esse veniam quia. Ut molestias et voluptatum. Ducimus maxime voluptas vero voluptatem accusantium aliquid.','7995.46','41','1','4','2019-12-16 08:54:26','2017-10-05 06:53:16'),
('170','doloremque','Distinctio nihil quis non. Et quia voluptas soluta blanditiis animi. Et doloribus aperiam mollitia sunt. Quidem nam et sapiente qui voluptatem error. Voluptatibus aut expedita quae temporibus corrupti.','36918856.67','83','1','11','2011-03-19 04:02:13','1991-06-30 19:51:46'),
('171','assumenda','Sequi voluptas quasi excepturi. Voluptas voluptatem qui recusandae expedita aspernatur esse. Corporis dolorum temporibus deserunt aut optio. Tenetur molestias voluptatem debitis impedit nam nihil laudantium.','152059.03','31','2','9','2013-12-19 09:50:55','2000-12-25 02:37:41'),
('172','et','Quis et suscipit enim dolorum provident aliquid in. Qui blanditiis consequatur perferendis aut hic eum. Qui soluta recusandae voluptatem voluptatem est deserunt.','260.08','59','3','16','1978-02-08 17:10:01','1995-12-23 19:00:26'),
('173','officiis','Molestiae ut alias modi velit aut omnis delectus. Eos doloribus enim id autem vel recusandae et. Illum sunt minus quo sed eveniet vel velit. Eos eius consectetur illo praesentium.','67.73','54','1','7','2012-07-20 01:16:41','1998-07-09 08:15:55'),
('174','vel','Porro ex doloremque qui dignissimos eos. Atque molestias harum non officia magni. Omnis voluptas blanditiis id tempora ut rerum. Consequuntur est sint omnis maiores a. Nisi accusantium veritatis aliquam quo eos.','70.49','30','2','12','1992-12-18 09:16:36','1995-05-14 05:57:19'),
('175','possimus','Eius error est qui sint fugit et. Reiciendis non eum vero cumque accusantium non. Sed quia atque autem suscipit cupiditate dolores commodi est.','84249.77','60','1','19','1982-11-28 11:30:29','1976-07-27 07:44:43'),
('176','voluptatem','Doloribus temporibus laboriosam debitis eum. Voluptates blanditiis fugiat officiis autem voluptas. Consectetur explicabo ut possimus explicabo veritatis.','35360.00','9','5','11','1987-06-24 23:14:50','2001-09-09 00:40:52'),
('177','quisquam','Eum consequatur aut explicabo ab perferendis quia. Atque totam expedita ducimus corporis inventore. Quo aperiam quod blanditiis dolor. Eum at ipsam voluptatibus repudiandae expedita officia placeat qui.','98.54','66','1','17','1997-10-22 00:23:08','2016-01-30 11:59:29'),
('178','necessitatibus','Et ut soluta debitis dignissimos. Esse quibusdam est in. Id dolores consequatur amet quis id ut rerum qui.','131226334.88','13','5','8','2005-10-06 00:28:20','1973-03-26 00:16:40'),
('179','repellat','Debitis eos ut laudantium quae officia reprehenderit et eligendi. Autem aperiam omnis dignissimos eum sed. Repellat ut exercitationem animi aperiam.','7480016.51','26','2','10','1983-11-06 13:25:00','1980-01-22 02:07:32'),
('180','dolore','Sit officia nobis temporibus ut. Asperiores corporis id et qui est laboriosam.','976262.43','46','1','12','2011-08-11 21:29:39','2005-10-10 07:35:50'),
('181','ducimus','Rerum non occaecati sint voluptas dolorum ipsa. Quidem magnam aut aspernatur et consequatur fuga beatae. Aut et ex numquam assumenda ullam omnis. Optio voluptas et debitis necessitatibus repudiandae quam. Sint quis occaecati tempora ab modi provident et.','0.00','97','3','19','1998-04-13 15:40:30','1999-04-12 13:22:18'),
('182','tempore','Quibusdam eos unde dolor quasi error voluptate qui. Explicabo nihil saepe et id voluptatum. Nam vel suscipit delectus vel ipsa quia suscipit. Sapiente iste molestias repudiandae non nemo.','6500.70','39','1','8','2008-08-29 16:06:48','2009-03-17 16:59:56'),
('183','molestiae','Nemo reiciendis sit mollitia voluptates asperiores ut non consequuntur. Et omnis voluptatem laudantium. Officiis corrupti esse voluptas quas sed cum.','0.48','18','3','11','2005-04-21 16:38:09','1980-12-31 23:56:03'),
('184','doloribus','Non et recusandae vel accusamus. Quas ab necessitatibus aut deserunt fugiat unde. Voluptatem quis nemo dolores illo molestias magnam nobis velit. Dolores saepe et quidem aut sit.','4.30','51','5','16','2014-01-14 03:59:20','1979-12-16 07:38:29'),
('185','in','Assumenda dolor quas minus occaecati dolor. Id incidunt dolorum debitis dignissimos dolor molestiae commodi atque.','19053388.57','7','3','18','1997-12-29 05:27:19','2016-09-10 11:22:17'),
('186','libero','Officia sint qui aliquid sed est voluptas. Cumque qui eveniet et possimus sint. Neque et voluptas unde. Distinctio optio aperiam ut tenetur impedit explicabo maxime similique.','22803.31','100','3','14','1986-06-09 12:28:15','1971-02-20 07:02:16'),
('187','ut','Asperiores odio reiciendis odit tenetur officiis velit dolore eum. Pariatur doloribus facere vitae corporis autem voluptas dolor. Reprehenderit quo quod qui in exercitationem magnam. Molestias vitae eos dolores quisquam rerum officiis.','656.22','53','2','15','1993-06-05 21:07:39','1972-12-27 18:28:14'),
('188','iusto','Ut animi ipsam non natus. Velit voluptas repudiandae eaque minima doloribus molestiae ad. Aperiam veritatis autem veritatis.','57.59','37','2','13','1973-04-28 10:22:02','1972-08-18 15:32:22'),
('189','facilis','Eum quae nam ea. Asperiores dolorem qui aliquam sit. Delectus et quas qui et numquam. Veniam officiis repellendus qui odio dolores.','4083154.40','77','3','20','2005-10-07 16:52:07','2009-05-12 18:00:38'),
('190','magnam','Eos similique at beatae quia suscipit. Enim itaque voluptatum dolor facere veritatis. Vel rerum corrupti beatae sint quos perferendis.','6.84','25','1','3','2000-06-13 22:06:37','1993-11-23 23:18:16'),
('191','nam','Reiciendis ut id quis esse harum. Provident quo soluta expedita et non qui qui.','22.98','85','1','12','1970-01-25 17:54:23','2000-12-02 03:31:42'),
('192','enim','Aliquid ea perferendis dolorum commodi omnis consequatur. Velit ut quam quod. Dicta non minus facere voluptatum aliquid sint id. Quidem sapiente dolor exercitationem aliquid.','80.75','77','2','13','2019-02-15 00:00:21','1995-01-27 05:45:57'),
('193','et','Quo quia a non voluptatem sequi dolor. Quod dolores provident dolorum placeat. Asperiores atque alias occaecati sit porro saepe exercitationem. Recusandae at cum cumque esse iste qui.','239.88','16','3','4','1996-08-13 23:32:42','1985-04-25 09:42:39'),
('194','veniam','Accusantium saepe voluptatum vel aut. Officia quia nam earum sed ea ducimus. Voluptatem voluptatum totam velit qui.','83007.75','70','1','2','2012-07-17 14:50:23','1993-06-18 04:27:49'),
('195','ratione','At dignissimos non molestiae nesciunt quam ipsa nihil. Assumenda veritatis delectus eaque provident est. Maxime enim illo in eum animi.','1.48','48','1','11','1984-01-16 20:35:48','2008-02-11 02:11:02'),
('196','quia','Adipisci iusto impedit sint culpa. Labore quam alias nihil commodi autem.','114633.46','37','1','2','2014-12-23 10:50:04','2014-08-13 00:36:33'),
('197','optio','Et omnis omnis inventore eaque porro velit. Non laudantium soluta repellat deleniti sed veniam. Itaque nihil molestiae nam aut sit a.','0.00','6','4','6','1986-08-20 14:48:21','2004-05-30 14:58:07'),
('198','quibusdam','Deserunt quia et quia mollitia. Adipisci qui ut fugiat asperiores. Aut minima esse nihil corrupti debitis.','0.00','77','5','13','2015-11-14 02:12:13','2005-03-12 04:26:23'),
('199','temporibus','Et dolor nihil ipsam. Earum magnam distinctio numquam porro iste. Quia excepturi impedit soluta atque natus a illo.','7834267.47','42','4','5','2017-08-14 22:05:48','1987-03-08 09:22:14'),
('200','repellendus','Molestias qui laborum eos quis. Aut minima non omnis voluptas amet a. Quos qui atque quaerat corrupti rerum enim odit. Eaque enim quos qui eos sapiente nesciunt.','1965.05','38','1','5','1985-08-02 03:15:13','2017-04-28 21:11:00'),
('201','illo','Maxime sint neque nam. Enim reiciendis saepe rerum natus. Et consequatur sit a dolor. Aut error architecto iure possimus quis.','1296.56','51','5','6','1994-07-15 11:48:10','1991-08-21 12:43:10'),
('202','reprehenderit','Dolorum quidem perspiciatis maxime ipsum dolorum. Reiciendis odit possimus molestiae ipsa. Voluptatum error ad laborum ut ut esse sit. Et doloremque et ipsum voluptatibus aut.','44.11','9','4','13','2016-02-10 02:22:50','1981-06-01 23:29:32'),
('203','cum','Quia non quam voluptas consequatur et beatae quod. Rerum voluptatibus animi ut rerum minus. Neque cupiditate officia rem itaque veritatis.','0.00','71','4','5','1973-07-22 10:36:12','1986-10-02 02:32:13'),
('204','dicta','Impedit dolore laboriosam est blanditiis architecto. Dicta autem saepe sit expedita magni sapiente. Facere sit nisi possimus quam eum ex qui.','424109.64','90','3','6','1985-08-15 08:33:34','1987-05-08 00:01:14'),
('205','ea','Ut earum aut ab optio magni fuga recusandae nemo. Qui quaerat sed et sunt molestias. Quos nam quasi perspiciatis quis et culpa minus. Nostrum voluptates est quia et id ipsam alias laudantium. Quo dolore consequatur vitae similique dicta.','165174.60','97','5','8','2008-09-11 18:25:36','1989-07-28 17:29:19'),
('206','nostrum','Et ea nobis incidunt quo. Veniam vero eaque unde provident asperiores. Libero quae quam placeat eum vel eius.','0.00','50','2','11','1998-07-25 01:47:59','1997-04-21 01:35:33'),
('207','autem','Ea et rem dicta deleniti quae. Amet voluptatum earum ut qui.','652175.46','59','2','3','2018-01-25 11:07:07','2010-11-17 05:31:17'),
('208','rerum','Aut est et ut animi. Rem aut modi eos illo officia laudantium. Quia qui provident ducimus enim itaque unde expedita incidunt.','456641087.70','88','1','3','2019-10-01 20:52:39','1970-08-02 05:03:01'),
('209','magni','Voluptates et voluptatum eveniet eius animi. Ut ut voluptas non provident consequuntur placeat placeat. Qui omnis similique pariatur vero et aut expedita.','97.98','51','3','19','1984-01-09 15:32:23','1985-07-31 01:19:37'),
('210','eos','Dolor eaque modi non tempore quis impedit. Molestias libero beatae accusantium odit eligendi. Optio et omnis quisquam mollitia ratione nostrum voluptatem. Sit amet nihil odit.','37854008.75','72','5','19','2011-01-18 08:31:41','1985-06-10 11:57:27'),
('211','aliquam','Animi quis placeat aut saepe et libero. Laudantium aut et veniam enim dignissimos voluptatibus. Molestiae rerum minima hic qui hic. Sunt voluptatem inventore molestiae eveniet.','90.24','96','3','15','1977-12-10 07:46:38','2000-07-23 23:27:52'),
('212','neque','Quas omnis dolorem est rerum voluptatum et expedita. Iure itaque dolor sapiente voluptatem et velit repellat. Id illum enim ipsa maiores est cupiditate quis nisi. Ut natus quod sed non. Vel similique rem enim deserunt eligendi rem adipisci aut.','475.63','21','3','8','1982-11-20 20:49:59','2011-01-17 23:04:49'),
('213','quae','Odit harum maxime omnis ut autem veniam autem. Voluptatem quam voluptates voluptatem placeat voluptas blanditiis magni. Rerum est voluptatibus dolores natus. Ipsa asperiores voluptatem necessitatibus et asperiores ducimus quas ut.','0.00','85','1','3','2017-08-22 04:14:31','1990-06-02 06:42:05'),
('214','magni','Numquam dignissimos quod nulla magnam illum quo. Consectetur tempora veritatis est quisquam unde nostrum. Sequi rerum error sed ducimus deserunt.','4526881.60','6','1','12','2001-02-07 07:10:17','1981-07-29 12:56:51'),
('215','possimus','Perspiciatis nisi iure fugit. Corrupti voluptatum ut dolores ducimus ullam. Repellat voluptatem reprehenderit et ex laudantium. Et qui quae architecto eum ullam similique.','59.16','32','1','11','1978-04-01 10:21:49','1986-09-13 21:38:26'),
('216','non','Aut quis harum illum autem molestias et consequatur. Facilis sit inventore quis est. Ut voluptates explicabo reiciendis voluptas dolor. Dolore aut dolore voluptates nemo asperiores.','47802148.41','71','3','17','2001-03-14 02:35:28','2005-08-27 16:14:19'),
('217','quis','Minus officiis et iusto architecto sunt. Ipsa ut voluptatem qui in perspiciatis eum. Qui earum nam tenetur quibusdam.','623731822.13','22','1','4','1985-05-01 11:39:29','1977-09-09 13:53:48'),
('218','exercitationem','Praesentium aperiam veritatis nostrum vel assumenda. Necessitatibus qui adipisci tenetur deserunt autem qui modi. Commodi deleniti impedit cum ducimus. Qui vero animi assumenda quo deserunt. Magni voluptatem pariatur deserunt omnis.','188176924.95','36','1','7','1975-12-16 05:23:02','1994-07-08 02:43:07'),
('219','occaecati','Qui porro error voluptatum ab. Labore sed maxime est nam maiores ut quia. Magnam ut dolore dolor beatae. Qui sint modi iusto non nostrum veritatis qui.','1202.52','50','3','17','1987-01-30 12:21:31','1977-12-04 14:36:57'),
('220','quibusdam','Magni omnis voluptatem nostrum. Numquam optio distinctio quia qui quia. Ut est culpa aut distinctio libero nesciunt repudiandae.','580154.28','40','2','16','1981-01-25 08:29:38','2007-05-22 23:01:35'),
('221','suscipit','Esse iure qui qui nobis velit. Quae cupiditate quis esse sit repellat. Eveniet tenetur tempore ut cum et. Ducimus et aut accusantium magnam commodi molestiae.','51.72','30','1','4','1991-10-13 06:44:36','1980-08-31 10:31:07'),
('222','maxime','Qui quia fugit minus dolor velit distinctio quos. Aliquam voluptatibus deserunt excepturi aliquam. Sed sunt fugit et ut. Quia provident ratione amet impedit.','323.71','4','2','14','2015-07-24 09:49:41','1990-07-24 03:39:48'),
('223','blanditiis','Sit doloribus ut delectus doloremque fugiat. Voluptatem et illum ducimus officiis iusto. Nemo voluptas vel facere natus. Quas ipsa assumenda eveniet suscipit sed tenetur ipsam.','767381984.60','39','2','18','2010-05-05 11:00:49','1986-09-23 12:30:00'),
('224','dolores','Sunt incidunt deserunt ut officia. Porro autem voluptatibus nulla iure. Corrupti libero et assumenda velit sed ab enim. Ea rerum rerum nihil. Sit nulla voluptas libero cum cum.','28.09','51','2','20','2011-03-24 17:42:12','2008-06-29 08:31:01'),
('225','perspiciatis','Impedit unde eos non. Nisi nostrum itaque voluptatem in ut neque et. Quia animi rerum adipisci non eius ea. Labore natus voluptatem quia numquam ipsa. Quia et praesentium enim asperiores.','277594.48','9','4','1','2011-06-10 07:23:29','2009-05-27 21:10:37'),
('226','et','Perspiciatis consequuntur impedit ut quia non. Earum quo tempore recusandae corporis. Ipsam nemo velit earum quisquam praesentium veritatis sit. Error tenetur nostrum voluptatem.','0.00','62','2','12','1974-01-23 02:11:20','1998-12-19 00:35:38'),
('227','voluptatem','Et ut autem nobis esse non eum expedita. Qui a nesciunt excepturi quia. Illo ipsa dolores a quis vitae nisi.','35570742.51','44','3','15','2016-12-31 16:01:37','1993-07-25 18:06:23'),
('228','qui','Voluptas consequuntur mollitia delectus atque saepe quaerat. Et voluptate ullam natus officia reiciendis consectetur.','0.00','62','5','15','2002-12-25 06:59:12','1981-02-14 08:11:25'),
('229','cumque','Aperiam excepturi omnis modi libero quis nisi. Sunt ea nisi quis non corporis. Iste iure et deleniti cum. Rem in laboriosam et assumenda adipisci consectetur.','0.42','93','2','6','2007-10-17 08:37:40','1988-11-09 05:43:55'),
('230','quisquam','Modi aut quia enim expedita. Magnam corporis dolorem fugiat aut delectus occaecati veritatis. Corporis sit necessitatibus nobis omnis aspernatur doloribus dolorum.','17871.86','77','4','10','2002-10-21 15:16:33','2004-11-18 16:32:23'),
('231','iste','Quo magni sed iusto aliquam dolore impedit. Asperiores ad dolorum corrupti officia ad. Molestiae totam dignissimos officiis mollitia aut debitis.','42.33','53','1','14','1978-10-23 03:35:44','2007-06-13 18:02:01'),
('232','dolore','Et quia sed fugiat doloribus ut aut commodi. Quaerat culpa at consequuntur officiis inventore est iusto. Exercitationem adipisci accusamus iusto incidunt pariatur culpa. Voluptatem maxime non eaque voluptatibus quod. Ducimus dolorem molestiae eum ex et quis incidunt.','13884.80','70','1','2','1992-11-17 00:34:49','2000-03-20 22:06:51'),
('233','ut','Necessitatibus voluptatem rerum nisi dolores. Molestiae et enim quidem eum velit soluta nemo. Dignissimos assumenda culpa velit et est exercitationem.','169725646.00','37','3','6','1997-12-30 12:00:01','2006-08-24 00:25:38'),
('234','maxime','Animi rerum similique deserunt beatae autem rerum mollitia. Animi optio consectetur quos dignissimos voluptate pariatur id eius. Provident dolor aspernatur minus autem expedita possimus qui. Magni id non est iusto magnam. At porro et voluptatem et perspiciatis voluptate.','390402.30','23','5','12','2011-06-15 08:19:29','1975-01-31 03:09:34'),
('235','magnam','Architecto repudiandae aspernatur quas. Sit sunt aut ut ea. Et commodi est aut quos. Consequuntur dolor consequuntur qui ratione.','1190263.62','20','1','4','2001-10-29 03:40:50','1991-02-28 12:25:09'),
('236','reiciendis','Dolor sapiente nam illo architecto. Commodi laborum ab aut et. Voluptatum quae hic voluptate maxime quod incidunt eius magni. Dolore consequatur et doloribus maxime eaque.','540702.61','22','4','11','2005-01-17 03:37:01','1999-06-03 22:55:19'),
('237','voluptas','Voluptatem suscipit ex blanditiis id necessitatibus maxime. Dolorum ad qui laborum tempore expedita nam qui dolorum. Modi ullam qui nam sint dolorem sed atque.','9.46','80','1','1','2000-07-05 11:35:59','2000-07-15 00:41:34'),
('238','qui','Omnis accusantium ut in ut eveniet. Sed impedit doloremque dolores nihil. Iste quasi est sit sequi. Modi dicta esse magni asperiores eum.','604428725.68','52','4','19','1976-12-22 17:40:17','1978-12-15 17:06:24'),
('239','impedit','Sed ex rerum sunt qui. Tempore totam maxime iure in dicta. Similique sed dicta est delectus labore. Non facilis similique pariatur.','3.64','25','4','6','2016-03-23 04:32:21','2020-06-08 06:33:57'),
('240','distinctio','Omnis iste magni cupiditate minima iure. Sunt voluptas suscipit rerum modi deleniti qui repudiandae perferendis. Animi illo praesentium rerum sunt. Molestias animi ab vero. Voluptatibus sit voluptatem omnis odio laudantium accusantium.','464881.14','51','3','1','2013-05-09 11:13:39','1984-06-21 18:59:08'),
('241','autem','Natus cumque non id dolorem laboriosam ut doloremque. Iste optio praesentium blanditiis eaque occaecati iste. Minus cum distinctio et odio unde. Non eius qui possimus.','0.00','99','5','3','1971-12-28 22:41:13','2010-03-27 08:16:42'),
('242','qui','Omnis voluptatem omnis expedita aut quis et. Fugit ullam officiis et facere fugit similique distinctio. Unde dolor perferendis suscipit id.','267494.99','65','4','5','2005-04-06 00:35:37','1999-11-15 06:20:47'),
('243','nemo','Est nesciunt accusantium repellat suscipit. Error corrupti mollitia possimus voluptas dolor. Nihil et consequatur quibusdam architecto.','5006.01','70','1','14','1971-06-15 08:39:36','1984-01-04 13:26:54'),
('244','quis','Fugiat ut omnis est excepturi perspiciatis illo asperiores sit. Magni est quidem quisquam. Eos qui ut perspiciatis ad dolorum libero reiciendis.','220.78','99','2','14','2016-04-08 18:33:14','1979-08-19 18:24:48'),
('245','quia','Quo maxime ullam autem doloribus eum. Voluptatem molestiae voluptate occaecati et impedit vero doloremque. Quia velit voluptas qui velit quos provident.','453612.19','58','3','16','2005-03-16 00:38:20','1984-08-08 23:49:43'),
('246','repudiandae','Dolore doloribus ea aut quia eum voluptas repellat. Autem voluptas et dolorum hic. Atque vel maxime sed et tenetur tempore nisi. Omnis vero nobis sequi.','82385921.98','77','4','9','2009-09-29 12:11:46','2003-10-27 12:40:10'),
('247','dolorem','Libero facilis asperiores accusantium magnam voluptatem non ratione. Ut ipsam maxime quia est a non. Praesentium officia eum nisi officia autem. Et optio aut aut neque ut voluptatem. Odio ipsum laudantium et dignissimos.','1501793.10','27','3','12','2000-12-13 06:09:16','1980-06-04 12:57:34'),
('248','adipisci','Esse fuga omnis id sint iusto. Voluptatem quia dolor illo. Voluptatem repellendus fugit iusto ut quia et autem. At accusamus nisi molestiae exercitationem.','8.90','30','5','7','1974-07-17 21:33:00','1999-03-25 07:24:09'),
('249','quo','Et blanditiis minima est quibusdam ullam. Debitis placeat dicta eius iste.','20620.60','21','2','20','2003-10-31 18:06:09','1996-10-30 15:52:40'),
('250','delectus','Placeat quod omnis numquam ut cumque molestiae. Et aut id ut est quae in laborum. Corrupti est corrupti nisi sint molestiae sint. Tempore velit reiciendis rerum ut et.','1713251.10','50','4','9','2005-10-09 14:00:14','1971-11-21 15:35:56'),
('251','mollitia','Et nulla officiis harum consequatur. Quaerat voluptatem alias est possimus. Et sapiente perspiciatis repellat culpa ut voluptatem perferendis.','12349686.07','54','4','8','2005-10-03 00:43:32','1989-09-24 17:36:58'),
('252','sapiente','Dolorem voluptas sed voluptates quos delectus. Sunt explicabo distinctio voluptas recusandae iure voluptatem. Harum fugit beatae quis. Minima cumque dolorem officia.','7861616.53','65','2','1','1971-05-12 06:04:38','2015-05-27 07:19:25'),
('253','minus','Nobis velit eos sint voluptatem ab necessitatibus. Reiciendis amet ut nesciunt et vel. Iusto et aut vitae ut.','174449.13','85','1','2','1999-04-11 00:02:38','1983-11-27 18:47:09'),
('254','eius','Nesciunt in hic architecto et dolorum. Ut blanditiis quos dolores expedita labore consequatur ipsum. Perferendis nam eveniet fugit.','56184.34','53','1','7','1994-02-02 22:09:03','1979-05-18 15:31:54'),
('255','quia','Non maxime numquam iste sunt. Excepturi qui dolorem fuga animi. Distinctio rerum voluptatum quod. Pariatur quibusdam dicta est corrupti dolorum.','2736391.94','21','3','15','2003-08-09 22:26:15','1999-06-25 10:35:05'),
('256','accusamus','Delectus rem et dolores voluptas aut fuga possimus nam. Eius explicabo voluptatibus odit quod voluptatum magnam quo dolorem. Sed eos quia corrupti laudantium fugit dolore. Reprehenderit maxime id inventore maiores illo sed consequatur.','446.80','97','2','8','2001-03-05 23:57:19','1997-01-28 06:24:09'),
('257','sequi','Unde quo aut dicta qui et. Perferendis deleniti laborum voluptates neque deleniti. Tempora aut eligendi vero ratione assumenda mollitia. Nemo et eum reiciendis repellendus qui laborum aut.','0.00','41','4','17','2019-08-03 15:21:16','1994-08-21 10:57:30'),
('258','natus','Est laudantium vel rem vero. Voluptate sit repudiandae aliquid tempora harum. Et nemo adipisci quia culpa ut quis.','58892203.48','99','5','16','1999-02-04 09:19:58','2019-08-29 09:28:33'),
('259','ut','Necessitatibus rerum neque consectetur est. A aperiam tenetur itaque architecto. Qui aut voluptatum ut sint. Pariatur minus nam eum rerum consequatur maxime. Expedita et qui laudantium aliquid molestiae mollitia vel.','155106.13','31','1','20','2014-12-25 01:58:29','2019-05-26 19:49:39'),
('260','dolor','Voluptatibus nesciunt quidem odit quia placeat veritatis quis. Est deleniti illum maiores ea. Aliquam ea voluptas suscipit distinctio non. Quidem ratione et veniam similique.','99363.79','30','3','14','1973-04-09 16:33:49','1988-11-17 22:39:32'),
('261','repellendus','Ad dolorem fugiat praesentium. Quam ut provident dicta qui consequatur. In atque ducimus sed.','470.36','72','1','8','2004-03-27 02:49:35','1985-01-24 05:17:20'),
('262','doloribus','Provident iusto quia aspernatur similique ipsum. Laborum voluptatem vero et eos non facere libero ullam. Earum laudantium ut tenetur eaque quibusdam iusto. Nulla aspernatur reiciendis cumque aut dolores.','139639.39','11','4','14','1985-06-19 14:40:00','1995-11-08 00:30:41'),
('263','porro','Vel occaecati saepe quidem sed voluptatem. Ut corporis iusto voluptas quasi aperiam alias. Et possimus eaque culpa laboriosam rerum.','2709825.66','15','4','15','2009-06-06 23:11:57','1974-02-11 13:38:47'),
('264','cumque','Sequi sed omnis ad dolores neque. Magni quis quis corrupti consectetur distinctio voluptatem. Accusantium magnam in dolore.','4606113.00','20','1','15','2001-10-15 22:21:46','2003-08-11 18:59:24'),
('265','aliquid','Nobis eum aspernatur autem temporibus id ut. Est et distinctio sint dolorum hic. Nisi quia repellendus aut reprehenderit itaque et. Vel et voluptate explicabo autem ratione.','8150431.82','50','2','7','1999-11-04 02:31:22','1983-06-02 00:31:00'),
('266','totam','Necessitatibus vel natus eaque velit soluta. Qui temporibus et nesciunt sunt. Voluptas ad commodi ab rerum eos. Cum sunt eum pariatur porro.','1355438.10','24','2','13','1995-05-01 03:54:47','1982-01-30 17:24:03'),
('267','eum','Quas cum rem libero consequuntur omnis velit. Aperiam quasi sit laboriosam et velit. Autem rerum officia voluptatibus deserunt praesentium. Asperiores voluptates dolor et ducimus.','7111689.17','62','4','6','2012-06-11 20:32:21','1990-04-06 19:49:11'),
('268','sit','Minima voluptatibus minima sint ipsa sed. Molestiae perspiciatis accusantium assumenda ut. Autem dolorem eos est rerum sit quas facilis. Molestiae ipsam rerum qui quibusdam quo.','281650.92','45','4','4','2006-07-27 10:08:33','1982-06-09 14:19:56'),
('269','ipsum','Temporibus quos quo rerum qui voluptas. Aut voluptas vitae molestiae libero enim quis nesciunt. Voluptas tempora voluptatem at aut cum.','15982.18','23','1','6','2005-01-19 10:38:13','1979-07-20 10:09:48'),
('270','sint','Eum atque voluptatem minus quas accusamus deserunt. At expedita ut recusandae ut quia esse. Inventore dolor natus sed excepturi molestiae laboriosam rerum. In nisi reiciendis consequuntur soluta vero sed sed unde.','0.00','21','2','18','1987-07-20 14:12:26','1992-03-26 04:34:00'),
('271','facere','Ullam dolores quis voluptatibus totam est porro et non. Laboriosam veritatis libero error aspernatur recusandae nemo blanditiis. Eos sunt ut distinctio.','86401.89','89','1','1','1986-05-23 16:10:21','2002-07-13 07:15:25'),
('272','dignissimos','Consequatur quos ad sed. Molestiae rerum quasi ullam est nam odio. Et modi sit est ea.','14775.00','26','1','16','2014-11-10 10:49:35','2008-12-12 01:51:13'),
('273','tempora','Excepturi unde ad alias velit autem. Quas laborum sequi quos labore. Quia ipsa omnis ex officia sit.','285.05','95','2','9','2016-01-15 21:33:06','2005-09-12 21:38:11'),
('274','vel','Alias aut ut ut et facilis maxime. Ratione minus deserunt possimus provident consequatur.','1206653.39','66','3','12','1991-11-12 10:30:52','1999-12-24 04:57:41'),
('275','ut','Et atque et laudantium. Debitis at aperiam qui consectetur quae aliquam. Eaque et iure iste nam. Itaque non aut nisi eos aut consequatur.','49186272.42','38','5','19','2014-04-07 18:26:47','1978-09-03 21:15:10'),
('276','quia','Consequatur est accusamus omnis adipisci. Sit sed quam placeat. Et optio dolor expedita culpa tempora. Similique architecto suscipit esse vel.','22.08','69','1','5','1982-10-19 01:24:28','1998-12-17 18:20:44'),
('277','enim','Deleniti et qui harum qui. Voluptate quia dolores eum amet iure. Beatae iusto alias mollitia enim dicta. Porro sit neque commodi sed.','0.00','33','5','19','2014-11-07 05:19:49','2019-10-05 18:46:37'),
('278','voluptatibus','Et placeat rerum praesentium totam. Quia illum doloremque rerum explicabo eveniet enim nihil. Tempore fuga fugit dolorem atque omnis qui. Officia minus modi odit similique quo.','7.64','58','2','14','2018-11-17 19:07:48','1999-07-01 01:26:07'),
('279','et','Incidunt voluptatem porro ut libero recusandae. Consectetur vero vel magnam nemo atque quisquam in. Consequatur ut libero omnis consequatur veniam dolore.','117.00','74','3','14','1980-02-19 13:55:08','1974-06-23 20:32:22'),
('280','hic','Tempore debitis consequatur rerum aspernatur. Et est assumenda accusantium consequuntur quis ex similique. Eaque enim veritatis mollitia facere. Quia est esse voluptatibus possimus quod est.','31.30','100','4','20','1978-07-25 09:39:26','1989-05-26 12:42:56'),
('281','nesciunt','Ut et nobis dolores iusto corporis voluptates autem. Ad accusamus dignissimos voluptas adipisci id rerum sit. Non aut dolores enim quasi laboriosam harum et dolorum. Iusto nisi excepturi sint iste blanditiis culpa rerum.','3511.32','87','3','20','1989-03-29 12:10:52','1974-11-13 16:59:35'),
('282','molestias','Nostrum quasi dolorem eos id ut vel. Consectetur et ut consequuntur temporibus. Ut eius facere iste iure dolore maiores ut. Quisquam debitis consectetur occaecati et.','403.95','87','5','2','1976-05-13 12:40:52','1975-05-02 20:10:45'),
('283','dolores','Et fugiat a nam deserunt sunt. Quis ea saepe recusandae repudiandae aliquid libero quisquam explicabo. Rerum omnis cum voluptatem sapiente modi veritatis. Aspernatur omnis voluptatem nisi.','42071492.87','65','4','7','1988-05-13 15:48:25','2015-08-05 04:19:45'),
('284','dolores','Saepe sequi quia voluptas dicta. Ipsum tempore minima aut quia. Atque ut sint ipsa corrupti.','4852.50','5','3','17','1989-06-17 02:36:14','2005-11-23 19:09:01'),
('285','soluta','Distinctio eum et minus assumenda magnam nemo praesentium. Molestias eos sed quae doloribus. Odit aliquid aperiam nostrum.','33226.32','60','4','16','1997-02-28 11:16:09','1991-02-11 16:18:31'),
('286','quibusdam','Beatae fugit a laborum mollitia vel. Iste perspiciatis aspernatur eaque non esse velit blanditiis. Minima dicta unde enim necessitatibus rerum sint.','349.82','51','3','19','1985-04-02 00:42:54','1991-07-08 08:38:17'),
('287','veritatis','Porro iure quae ex accusantium vel. Minima est cupiditate quia sint quaerat illo placeat. Enim sed cum at vitae quasi quod harum et. Autem quos consequatur aut qui laudantium.','5.90','73','4','15','1986-08-22 03:40:34','1971-03-25 16:15:36'),
('288','asperiores','Sit reprehenderit eum et fugit possimus voluptate omnis perferendis. Libero aperiam rem doloribus a cum. Nihil voluptas sequi molestiae aut et.','300568.66','68','2','20','1973-04-10 12:53:51','1985-11-27 00:38:20'),
('289','vitae','Qui maiores quo consectetur repellat repellendus quia reprehenderit. Molestias sunt placeat autem ut et temporibus corporis. Aut velit dignissimos et sit. Nam maxime sunt quis dolor. Dolorum molestiae veniam dignissimos rerum.','1168.13','33','1','10','2017-12-18 10:44:39','2012-01-22 07:48:14'),
('290','ea','Nulla beatae natus nemo inventore eum. Nihil accusantium quo sequi. Accusamus est saepe aut illum exercitationem quisquam et. Eligendi ab totam eius sit eum repellendus voluptas.','680.50','99','1','3','2019-11-26 13:21:08','1981-01-12 06:11:38'),
('291','deleniti','Fugiat voluptates est atque perferendis reiciendis. Recusandae et totam non repellat rem sit. Non ut provident molestias quia. Ducimus et numquam aut voluptatem. Assumenda reiciendis eveniet dolores.','47353959.33','94','5','14','2007-03-09 18:50:30','2001-09-24 19:08:13'),
('292','repellat','Deleniti accusantium voluptatem laborum nobis optio. Accusantium quos aut perferendis et qui non molestiae qui. Molestiae magnam voluptas rerum cupiditate vel numquam. Vel illo exercitationem consequatur expedita eos fugit ea.','5871.22','91','5','10','1988-02-07 01:27:53','1981-09-29 15:19:34'),
('293','aut','Voluptas sit amet voluptatem fugiat sit sint atque. Culpa labore soluta deserunt alias. Ipsa velit eaque aut sint. Perspiciatis accusamus aliquid incidunt quas.','13.20','100','3','6','1985-07-30 18:36:23','2012-01-10 12:12:17'),
('294','aspernatur','Sit facere temporibus voluptate itaque rerum. Fugiat corporis incidunt sit blanditiis vitae perferendis neque. Et consectetur sed ullam illum. Ratione beatae velit odio recusandae rem voluptatem quos.','345074.00','35','3','14','2007-01-28 15:15:30','1988-09-10 14:43:25'),
('295','cum','Aliquam eaque harum autem voluptas ea praesentium culpa perspiciatis. In voluptate qui provident distinctio. Odio tenetur ut sint eum qui in. Omnis labore eveniet velit ex necessitatibus laudantium voluptas.','47545713.96','15','1','9','2017-12-03 04:55:01','1974-04-10 06:21:47'),
('296','architecto','Voluptates nostrum in aspernatur officia temporibus doloribus et et. Ab sunt magnam illo et eligendi. Cumque est vel vero velit reprehenderit eum.','0.00','90','4','19','2004-12-10 17:30:19','1970-12-06 22:56:18'),
('297','necessitatibus','Ab non nihil natus aperiam. Doloribus occaecati consequatur neque qui quod odio eius. Qui sed ullam alias inventore aut nihil ducimus repudiandae.','537.62','83','2','15','1980-10-06 04:54:06','2018-01-27 06:52:01'),
('298','iure','Quia et illo ut molestias quo doloremque et. Delectus id aut voluptas est. Dolorem pariatur veniam nam officia vel porro adipisci omnis.','871467.37','57','1','2','2012-08-08 18:05:25','1988-06-05 22:25:37'),
('299','omnis','Sint consectetur dolores odio dolor nam aliquam et ut. Porro ut ex aut assumenda. Non quia molestiae sit aspernatur saepe.','138.60','55','2','4','2011-11-24 23:25:35','1991-08-01 04:05:20'),
('300','id','Dolorem iste sunt exercitationem saepe est. Vel voluptas sint quasi voluptate dolorum perspiciatis perferendis. Expedita eum sunt enim et deleniti.','0.00','1','2','7','2010-07-28 07:27:08','1970-04-09 18:50:12'); 


DROP TABLE IF EXISTS `user_promocode`;
CREATE TABLE `user_promocode` (
  `user_id` bigint(20) unsigned NOT NULL,
  `promocode_id` bigint(20) unsigned NOT NULL,
  CONSTRAINT `user_promocode_ibfk_1` FOREIGN KEY (`user_id`) REFERENCES `users` (`id`),
  CONSTRAINT `user_promocode_ibfk_2` FOREIGN KEY (`promocode_id`) REFERENCES `promocodes` (`id`)
) ENGINE=InnoDB DEFAULT CHARSET=utf8 COLLATE=utf8_unicode_ci;

INSERT INTO `user_promocode` VALUES ('103','13'),
('104','3'),
('104','7'),
('104','15'),
('104','45'),
('107','2'),
('107','9'),
('109','2'),
('109','61'),
('109','75'),
('110','33'),
('110','71'),
('111','17'),
('111','26'),
('111','33'),
('113','58'),
('116','25'),
('116','70'),
('116','82'),
('118','77'),
('119','23'),
('119','55'),
('121','31'),
('121','35'),
('121','82'),
('121','91'),
('124','58'),
('125','34'),
('125','62'),
('125','88'),
('126','18'),
('126','32'),
('126','86'),
('130','89'),
('131','13'),
('131','30'),
('131','64'),
('136','35'),
('136','59'),
('136','60'),
('136','84'),
('138','25'),
('138','37'),
('138','54'),
('140','18'),
('140','65'),
('142','37'),
('146','37'),
('147','22'),
('147','68'),
('147','83'),
('149','2'),
('149','70'),
('149','73'),
('152','30'),
('153','14'),
('157','32'),
('157','48'),
('158','46'),
('165','16'),
('165','81'),
('168','88'),
('169','24'),
('171','29'),
('174','14'),
('174','56'),
('174','61'),
('176','28'),
('178','1'),
('178','89'),
('181','37'),
('181','89'),
('182','25'),
('182','66'),
('182','78'),
('183','88'),
('183','98'),
('186','23'),
('186','89'),
('187','41'),
('188','19'),
('190','18'),
('190','80'),
('191','72'),
('192','27'),
('193','26'),
('194','25'),
('194','55'),
('195','1'),
('195','97'),
('196','7'),
('196','96'),
('197','4'),
('197','51'),
('197','77'),
('198','19'),
('198','36'),
('199','14'),
('199','72'),
('200','74'); 


DROP TABLE IF EXISTS `users`;
CREATE TABLE `users` (
  `id` bigint(20) unsigned NOT NULL AUTO_INCREMENT,
  `firstname` varchar(50) COLLATE utf8_unicode_ci DEFAULT NULL,
  `lastname` varchar(50) COLLATE utf8_unicode_ci DEFAULT NULL,
  `email` varchar(100) COLLATE utf8_unicode_ci DEFAULT NULL,
  `phone` bigint(20) DEFAULT NULL,
  `created_at` datetime DEFAULT current_timestamp(),
  `updated_at` datetime DEFAULT current_timestamp(),
  PRIMARY KEY (`id`),
  UNIQUE KEY `email` (`email`),
  UNIQUE KEY `phone` (`phone`),
  KEY `users_phone_idx` (`phone`),
  KEY `users_names_idx` (`firstname`,`lastname`)
) ENGINE=InnoDB AUTO_INCREMENT=201 DEFAULT CHARSET=utf8 COLLATE=utf8_unicode_ci;

INSERT INTO `users` VALUES ('101','Brock','Anderson','qcartwright@example.com','860','1971-12-13 21:49:04','1993-12-31 09:57:23'),
('102','Eugene','Casper','lbailey@example.com','288070','1986-03-03 15:55:59','2002-04-17 20:10:06'),
('103','Magdalena','Schultz','dreichert@example.net','863282','1997-05-14 19:28:54','2012-09-04 16:35:07'),
('104','Lukas','Wehner','qmarvin@example.com','305','2014-08-05 07:00:45','1994-10-03 21:58:29'),
('105','Phoebe','Bailey','marguerite93@example.org','1','2017-12-04 05:48:03','1990-01-25 05:06:00'),
('107','Brannon','Monahan','gage31@example.org','472564','1988-06-02 07:20:16','1997-05-09 05:57:39'),
('109','Jayden','Greenfelder','rjacobi@example.com','0','2016-11-26 12:45:36','1993-06-20 13:29:14'),
('110','Emanuel','Hane','gibson.adelia@example.net','154135','1981-05-27 11:03:18','1976-10-08 07:30:57'),
('111','Camilla','Feest','bailey.dickens@example.com','93','1992-05-14 00:03:34','1993-05-28 08:02:42'),
('113','Gussie','Aufderhar','leannon.eva@example.net','23698','1982-09-20 15:26:11','1980-03-01 03:35:23'),
('116','Vicenta','Runolfsdottir','vicente12@example.org','344','1987-01-14 16:59:20','1988-03-01 09:21:19'),
('117','Terrance','Mante','bode.guiseppe@example.net','2874519233','1991-12-11 10:33:08','1975-08-08 23:35:25'),
('118','Dayna','Robel','erdman.jeromy@example.net','876994','1989-05-26 22:00:32','1982-02-26 02:34:27'),
('119','Pierce','Anderson','emanuel.grimes@example.net','857575','2012-04-30 03:01:07','2015-12-19 16:45:00'),
('121','Erica','Wilkinson','dax00@example.com','483874','2004-06-04 18:30:40','1975-10-28 02:52:01'),
('123','Brock','Mohr','dante.berge@example.com','210889','2017-04-03 21:12:27','1983-05-01 07:02:59'),
('124','Harmony','Littel','henri35@example.net','80489','1973-06-13 04:37:49','1998-11-24 07:48:10'),
('125','Efrain','Dibbert','camilla.connelly@example.org','274','2002-02-26 00:39:11','1990-01-11 16:47:58'),
('126','Brooke','Ziemann','yswaniawski@example.com','7651928826','2019-12-22 15:11:29','1981-07-26 21:40:54'),
('129','Katlynn','Skiles','ruth58@example.com','911202','1987-10-04 13:53:53','2017-07-08 09:27:50'),
('130','Godfrey','Ondricka','kovacek.erick@example.org','484150','2016-04-07 02:21:00','1970-05-15 15:38:18'),
('131','Cleora','Heidenreich','anderson.shirley@example.com','100','2014-08-24 01:50:02','1979-07-09 03:02:50'),
('133','Adrianna','Harber','roxanne.pagac@example.org','567','1983-12-24 08:37:04','1990-04-16 03:20:27'),
('136','Rodger','Cremin','troy.lebsack@example.org','253','1988-02-06 06:58:37','1983-12-03 02:15:54'),
('138','Krystel','Barton','agaylord@example.com','674652','2010-07-14 11:53:02','2018-02-06 11:01:45'),
('140','Darrin','Dietrich','xgreenholt@example.net','53','1982-07-20 00:17:43','1970-05-18 18:56:07'),
('142','Serena','Keeling','etorp@example.com','577772','1985-07-09 05:26:33','1987-02-24 06:15:57'),
('143','Keshawn','Wyman','murazik.ephraim@example.com','622','1970-03-20 19:16:00','1989-01-27 06:24:42'),
('146','Marilie','Stanton','terrance82@example.net','574','2007-11-02 02:27:27','2017-04-09 01:14:23'),
('147','Kristy','Schoen','wilhelm80@example.com','375','2016-07-14 13:33:16','1971-06-10 16:59:57'),
('149','Adan','Goldner','johnston.estefania@example.com','6593970033','2007-12-29 06:52:04','2020-04-28 18:13:03'),
('150','Dallin','Kuhlman','antone95@example.net','86','2010-12-07 18:10:47','1995-12-21 00:36:30'),
('152','Alexanne','Torp','friedrich74@example.org','8286212714','1985-11-26 04:45:47','2016-11-07 04:52:06'),
('153','Reid','Conn','anita46@example.org','870','1997-08-29 16:51:39','2019-03-13 19:15:52'),
('157','Josefa','Hegmann','schmidt.trystan@example.com','85','1997-04-29 01:32:36','1980-07-15 20:56:14'),
('158','Una','Cole','kautzer.onie@example.org','410014','1978-09-28 23:49:55','1992-05-10 08:32:57'),
('161','Amya','Legros','minnie60@example.net','233','2003-12-15 16:47:54','2006-12-19 06:04:14'),
('164','Emile','Crona','wolff.krystina@example.com','5700178938','1987-04-27 22:14:54','2001-09-13 09:39:48'),
('165','Michele','Runolfsson','herzog.naomi@example.net','9','1975-09-06 17:39:02','2018-02-07 22:57:25'),
('166','Madyson','Tromp','jodie64@example.com','230','1972-11-30 18:10:53','1990-04-29 06:02:41'),
('168','Amya','Rowe','oabernathy@example.net','755686','2015-12-24 17:43:43','1977-01-05 15:50:31'),
('169','Susana','Botsford','beatty.jena@example.com','238168','2014-06-22 07:07:08','1997-01-05 13:18:01'),
('171','Vivian','Smitham','casimir00@example.com','253281','2017-07-16 08:32:48','1976-11-16 03:57:10'),
('172','Matteo','Rogahn','robb.hills@example.org','91','1997-08-01 02:43:11','1994-03-03 19:18:43'),
('173','Laurie','Renner','ethan.hyatt@example.org','89','1993-01-25 04:58:14','1999-06-24 17:26:28'),
('174','Lou','O\'Connell','leanne.krajcik@example.com','843616','1978-11-11 13:50:27','2013-04-16 08:16:08'),
('176','Chauncey','Leuschke','lue.roob@example.net','68','1973-08-28 09:28:53','2005-04-17 11:11:48'),
('178','Casey','Ledner','wmedhurst@example.com','441','1972-03-29 08:50:26','2011-07-08 19:00:54'),
('180','Fidel','Lueilwitz','harmony06@example.org','40','1987-01-23 00:31:38','1993-07-07 10:59:35'),
('181','Kiara','Howell','mellie.upton@example.com','673','1995-04-30 11:59:36','1994-07-06 15:13:44'),
('182','Brenden','Wolf','giovanna10@example.com','560','1981-05-18 19:21:14','1991-01-18 14:51:21'),
('183','Alia','Becker','sim84@example.net','829524','2014-02-20 07:11:25','2006-03-16 14:51:07'),
('186','Lillie','Ebert','ohilll@example.com','8876329766','1993-01-05 23:50:29','1991-05-23 12:40:37'),
('187','Jedidiah','Stiedemann','raheem82@example.net','438024','1985-10-04 20:32:46','1994-02-19 10:02:53'),
('188','Colby','Boehm','emmitt08@example.com','542','1976-09-14 18:51:57','1982-09-15 03:18:31'),
('190','Joanne','Jenkins','lizeth78@example.org','2587722303','2015-10-19 08:03:34','2008-04-21 17:39:10'),
('191','Linnea','Daugherty','davis.lucienne@example.net','932167','1984-06-26 12:03:46','1977-05-22 14:20:43'),
('192','Lou','Christiansen','ssteuber@example.org','603057805','2001-08-23 17:50:27','1974-10-11 05:11:58'),
('193','Fae','Erdman','fay.eric@example.com','66','2016-07-20 10:52:35','2006-06-05 02:29:09'),
('194','Theo','Lockman','darrick.schmitt@example.org','636','1989-05-02 01:40:02','1986-09-17 09:21:35'),
('195','Zelma','Rowe','ljones@example.org','553764','1970-11-13 05:39:21','1982-02-21 22:40:25'),
('196','Loraine','Baumbach','nbartoletti@example.org','746670','1970-06-26 23:00:18','2018-06-21 22:38:10'),
('197','Leonor','Streich','effertz.felipa@example.com','2214718979','2011-10-24 19:00:45','1994-12-16 15:29:26'),
('198','Valentine','Roob','mhintz@example.com','314474','2004-05-21 23:19:52','2002-02-12 07:51:07'),
('199','Dina','Lynch','octavia.armstrong@example.net','500812','1975-10-28 00:36:44','1970-12-03 19:42:54'),
('200','Alexandria','Lueilwitz','keebler.joshua@example.org','945','1979-08-22 01:57:42','2006-03-05 17:14:36'); 


DROP TABLE IF EXISTS `users_adress`;
CREATE TABLE `users_adress` (
  `user_id` bigint(20) unsigned NOT NULL,
  `user_address_id` bigint(20) unsigned NOT NULL,
  PRIMARY KEY (`user_id`,`user_address_id`),
  KEY `user_address_id` (`user_address_id`),
  CONSTRAINT `users_adress_ibfk_1` FOREIGN KEY (`user_id`) REFERENCES `users` (`id`),
  CONSTRAINT `users_adress_ibfk_2` FOREIGN KEY (`user_address_id`) REFERENCES `address` (`id`)
) ENGINE=InnoDB DEFAULT CHARSET=utf8 COLLATE=utf8_unicode_ci;

INSERT INTO `users_adress` VALUES ('101','52'),
('102','36'),
('104','67'),
('105','36'),
('105','86'),
('109','62'),
('110','94'),
('111','6'),
('113','34'),
('113','100'),
('116','25'),
('116','33'),
('116','67'),
('116','74'),
('116','98'),
('117','97'),
('118','9'),
('118','43'),
('118','44'),
('118','65'),
('118','66'),
('118','73'),
('121','9'),
('121','55'),
('121','60'),
('123','18'),
('123','70'),
('124','69'),
('124','75'),
('125','81'),
('125','98'),
('126','31'),
('126','87'),
('133','62'),
('133','67'),
('136','84'),
('138','80'),
('140','12'),
('142','17'),
('142','54'),
('143','51'),
('146','36'),
('147','15'),
('147','21'),
('147','53'),
('149','34'),
('149','97'),
('150','32'),
('152','29'),
('152','71'),
('153','13'),
('157','11'),
('157','63'),
('158','34'),
('158','41'),
('158','51'),
('158','67'),
('161','34'),
('164','86'),
('165','52'),
('166','32'),
('166','63'),
('168','22'),
('168','77'),
('169','19'),
('169','76'),
('171','91'),
('172','56'),
('172','91'),
('174','50'),
('174','91'),
('176','47'),
('176','80'),
('176','97'),
('178','9'),
('178','21'),
('178','40'),
('180','1'),
('181','14'),
('181','16'),
('181','55'),
('181','85'),
('181','96'),
('182','26'),
('183','14'),
('186','50'),
('186','72'),
('187','14'),
('188','99'),
('190','8'),
('192','13'),
('193','10'),
('193','40'),
('194','100'),
('197','41'),
('198','3'),
('198','76'),
('200','27'),
('200','85'); 


SET foreign_key_checks = 1;